Index;Year;Title;Pages;Link;Folder;Downloaded;Autor;publikationsdatum;Reisedaten;gesamtseitenzahl;Digitalisat;Zitierfähige URL
1;1586;Gründliche vnd warhafftige beschreibung Der Löblichen vnd Ritterlichen Reise vnd Meerfart in das heilige Land nach Hierusalem;Seite(n)99;https://www.digitale-sammlungen.de/en/view/bsb11211065?page=98,99;001_1586_Gründliche_vnd_warhafftige_beschreibung_Der_Löblichen_vnd_Ritterlichen_Reise_vnd_Meerfart_in_das_hei;;Hans von Mergenthal;1586;1476 bis 1476;120;BSB München;https://reise.isgv.de/logs/Q109944034
2;1586;Gründliche vnd warhafftige beschreibung Der Löblichen vnd Ritterlichen Reise vnd Meerfart in das heilige Land nach Hierusalem;Seite(n)23-24;https://www.digitale-sammlungen.de/en/view/bsb11211065?page=22,23;002_1586_Gründliche_vnd_warhafftige_beschreibung_Der_Löblichen_vnd_Ritterlichen_Reise_vnd_Meerfart_in_das_hei;;Hans von Mergenthal;1586;1476 bis 1476;120;BSB München;https://reise.isgv.de/logs/Q109944034
3;1604;Delitiarum Germaniae, tam superioris quam inferioris, Index simul & viatorius, indicans Itinera ex Augusta Vindelicorum, ad omnes civitates & oppida, tam in superiori quam inferiori Germania;Seite(n)155-156;https://www.digitale-sammlungen.de/de/view/bsb11095441?page=,1;003_1604_Delitiarum_Germaniae,_tam_superioris_quam_inferioris,_Index_simul_&_viatorius,_indicans_Itinera_ex_A;;Matthias Quad;1604;Kein Eintrag vorhanden;299;BSB München;https://reise.isgv.de/logs/Q109944049
4;1606;Summarische Verzeichnus einer Reyß, so der … Herr Friderich Hertzog zu Würtemberg und Teck … [et]c. im Jahr Christi 1580 gethon;Seite(n)12;https://diglib.hab.de/wdb.php?dir=drucke/gm-4947&pointer=19;004_1606_Summarische_Verzeichnus_einer_Reyß,_so_der_…_Herr_Friderich_Hertzog_zu_Würtemberg_und_Teck_…_[et]c._;;Friedrich I. von Württemberg;1606;1580;29;HAB Wolfenbüttel;https://reise.isgv.de/logs/Q109943966
5;1609;Deliciarum Germaniae, Tam Superioris Quam Inferioris;Seite(n)285-287;https://www.digitale-sammlungen.de/de/view/bsb11095130?page=303;005_1609_Deliciarum_Germaniae,_Tam_Superioris_Quam_Inferioris;;Gaspar Ens;1609;Kein Eintrag vorhanden;320;BSB München;https://reise.isgv.de/logs/Q109943950
6;1632;Itinerarium Germaniae Nov-Antiquae. Teutsches Reyßbuch durch Hoch- und Nider-Teutschland auch angräntzende, unnd benachbarte Königreich, Fürstenthumb und Lande;Seite(n)386-393;https://archive.org/details/itinerariumgerma00zeil/page/n409/mode/2up;006_1632_Itinerarium_Germaniae_Nov-Antiquae._Teutsches_Reyßbuch_durch_Hoch-_und_Nider-Teutschland_auch_angrän;;Martin Zeiller;1632;Kein Eintrag vorhanden;489;Link;https://reise.isgv.de/logs/Q109944118
8;1690;Denckwürdige Reisebeschreibung durch Deutschland, Italien, Spanien, Portugall, Engeland, Franckreich und Schweitz;Seite(n)1002-1065;https://www.digitale-sammlungen.de/de/view/bsb10467335?page=1048;008_1690_Denckwürdige_Reisebeschreibung_durch_Deutschland,_Italien,_Spanien,_Portugall,_Engeland,_Franckreich;;Johannes Limberg;1690;Kein Eintrag vorhanden;1068;BSB München;https://reise.isgv.de/logs/Q109944016
9;1706;Die vornehmsten europäischen Reisen, wie solche durch Deutschland, Franckreich, Italien, Holl-und England, Dännemarck und Schweden anzustellen;Seite(n)56-57;https://digital.slub-dresden.de/werkansicht/dlf/57275/122;009_1706_Die_vornehmsten_europäischen_Reisen,_wie_solche_durch_Deutschland,_Franckreich,_Italien,_Holl-und_En;;Peter Ambrosius Lehmann;1706;Kein Eintrag vorhanden;528;SLUB Dresden;https://reise.isgv.de/logs/Q109944013
10;1735;Curieuse Reise-Beschreibung des Herrn Androphili;Seite(n)602-604;https://digital.slub-dresden.de/werkansicht/dlf/3736/620;010_1735_Curieuse_Reise-Beschreibung_des_Herrn_Androphili;;Androphilus;1735;Kein Eintrag vorhanden;782;SLUB Dresden;https://reise.isgv.de/logs/Q109943920
11;1735;Curieuse Reise-Beschreibung des Herrn Androphili;Seite(n)534-544;https://digital.slub-dresden.de/werkansicht/dlf/3736/552;011_1735_Curieuse_Reise-Beschreibung_des_Herrn_Androphili;;Androphilus;1735;Kein Eintrag vorhanden;782;SLUB Dresden;https://reise.isgv.de/logs/Q109943920
12;1735;Curieuse Reise-Beschreibung des Herrn Androphili;Seite(n)462-517;https://digital.slub-dresden.de/werkansicht/dlf/3736/480;012_1735_Curieuse_Reise-Beschreibung_des_Herrn_Androphili;;Androphilus;1735;Kein Eintrag vorhanden;782;SLUB Dresden;https://reise.isgv.de/logs/Q109943920
13;1738;Briefe, welche das Merkwürdigste von seinen Reisen und die Eigenschaften derjenigen Personen, woraus die vornehmsten Höfe von Europa bestehen, in sich enthalten;Seite(n)140-194;https://www.digitale-sammlungen.de/de/view/bsb10467756?page=152;013_1738_Briefe,_welche_das_Merkwürdigste_von_seinen_Reisen_und_die_Eigenschaften_derjenigen_Personen,_woraus;;Karl Ludwig von Pöllnitz;1738;Kein Eintrag vorhanden;463;BSB München;https://reise.isgv.de/logs/Q109944047
14;1739;Eines berühmten Cavaliers aus Schlesien, Curieuse Reisen durch Europa, in welcher allerhand Merckwürdigkeiten zu finden;Seite(n)428-437;https://digital.slub-dresden.de/werkansicht/dlf/55211/456;014_1739_Eines_berühmten_Cavaliers_aus_Schlesien,_Curieuse_Reisen_durch_Europa,_in_welcher_allerhand_Merckwür;;Georg von Fürst;1739;Kein Eintrag vorhanden;460;SLUB Dresden;https://reise.isgv.de/logs/Q109943970
15;1740;Neueste Reisen durch Deutschland, Böhmen, Ungarn, die Schweitz, Italien und Lothringen;Seite(n)1052-1097;https://www.digitale-sammlungen.de/de/view/bsb11211808?page=1022;015_1740_Neueste_Reisen_durch_Deutschland,_Böhmen,_Ungarn,_die_Schweitz,_Italien_und_Lothringen;;Johann Georg Keyssler;1740;Kein Eintrag vorhanden;1344;BSB München;https://reise.isgv.de/logs/Q109943995
16;1741;Anmerckungen derer Auf meiner Sächsischen Reysse gesehenen Merckwürdigkeiten Wie ich solche an unterschiedenen Orten meist nur kürtzlich aufgeschrieben;Seite(n)94;https://digital.slub-dresden.de/werkansicht/dlf/111740/118;016_1741_Anmerckungen_derer_Auf_meiner_Sächsischen_Reysse_gesehenen_Merckwürdigkeiten_Wie_ich_solche_an_unter;;Johann Andreas Silbermann;1741;1741;438;SLUB Dresden;https://reise.isgv.de/logs/Q109944172
17;1741;Anmerckungen derer Auf meiner Sächsischen Reysse gesehenen Merckwürdigkeiten Wie ich solche an unterschiedenen Orten meist nur kürtzlich aufgeschrieben;Seite(n)48-50;https://digital.slub-dresden.de/werkansicht/dlf/111740/68;017_1741_Anmerckungen_derer_Auf_meiner_Sächsischen_Reysse_gesehenen_Merckwürdigkeiten_Wie_ich_solche_an_unter;;Johann Andreas Silbermann;1741;1741;438;SLUB Dresden;https://reise.isgv.de/logs/Q109944172
21;1774;Briefe eines aufmerksamen Reisenden die Musik betreffend;Seite(n)109-122;https://archive.org/details/BriefeEinesAufmerksamenReisendenDieMusikBetreffendBd.21776/page/n107/mode/2up;021_1774_Briefe_eines_aufmerksamen_Reisenden_die_Musik_betreffend;;Johann Friedrich Reichardt;1774;Kein Eintrag vorhanden;134;Link;https://reise.isgv.de/logs/Q109944057
24;1777;Briefe eines jungen Reisenden durch Liefland, Kurland und Deutschland;Seite(n)180-183;https://www.digitale-sammlungen.de/de/view/bsb10621069?page=34;024_1777_Briefe_eines_jungen_Reisenden_durch_Liefland,_Kurland_und_Deutschland;;Andreas Meyer;1777;Kein Eintrag vorhanden;668;HAAB;https://reise.isgv.de/logs/Q109944035
25;1779;Briefe eines Engländers auf seiner Reise nach Berlin, Dresden, Wien, Haag, Rom, Neapolis und Ferney;Seite(n)30-37;https://www.digitale-sammlungen.de/de/view/bsb10621069?page=34;025_1779_Briefe_eines_Engländers_auf_seiner_Reise_nach_Berlin,_Dresden,_Wien,_Haag,_Rom,_Neapolis_und_Ferney;;Martin Sherlock;1779;Kein Eintrag vorhanden;134;BSB München;https://reise.isgv.de/logs/Q109944086
26;1780;Freundschaftliche Nachrichten von einer Carlsbader Brunnenreise;Seite(n)90-96;https://digital.slub-dresden.de/werkansicht/dlf/66140/102;026_1780_Freundschaftliche_Nachrichten_von_einer_Carlsbader_Brunnenreise;;Johann Peter Willebrand;1780;Kein Eintrag vorhanden;360;SLUB Dresden;https://reise.isgv.de/logs/Q109944112
27;1780;Emanuel Hartensteins, eines perigrinirenden Weltbürgers, Reise von Berlin über Rostock nach Dreßden;Seite(n)158-162;https://www.digitale-sammlungen.de/de/view/bsb11251733?page=162;027_1780_Emanuel_Hartensteins,_eines_perigrinirenden_Weltbürgers,_Reise_von_Berlin_über_Rostock_nach_Dreßden;;Christian Wilhelm Kindleben;1780;Kein Eintrag vorhanden;232;BSB München;https://reise.isgv.de/logs/Q109943996
29;1782;Tagebuch einer gelehrten Reise 1750 durch einen Theil von Ober- und Nieder-Sachsen;Seite(n)14-30;https://digital.slub-dresden.de/werkansicht/dlf/79601/26;029_1782_Tagebuch_einer_gelehrten_Reise_1750_durch_einen_Theil_von_Ober-_und_Nieder-Sachsen;;Johann Carl Conrad Oelrichs;1782;1750;452;SLUB Dresden;https://reise.isgv.de/logs/Q109944040
30;1782;Tagebuch einer gelehrten Reise 1750 durch einen Theil von Ober- und Nieder-Sachsen;Seite(n)13-14;https://digital.slub-dresden.de/werkansicht/dlf/79601/25;030_1782_Tagebuch_einer_gelehrten_Reise_1750_durch_einen_Theil_von_Ober-_und_Nieder-Sachsen;;Johann Carl Conrad Oelrichs;1782;1750;452;SLUB Dresden;https://reise.isgv.de/logs/Q109944040
31;1782;Bemerkungen über verschiedene Gegenstände auf einer Reise durch einige deutsche Provinzen;Seite(n)168-207;https://www.digitale-sammlungen.de/de/view/bsb10470130?page=188;031_1782_Bemerkungen_über_verschiedene_Gegenstände_auf_einer_Reise_durch_einige_deutsche_Provinzen;;Georg Heinrich Hollenberg;1782;Kein Eintrag vorhanden;255;BSB München;https://reise.isgv.de/logs/Q109943990
32;1782;Reise von Dresden nach Teplitz in Böhmen;Seite(n)29;https://www.digitale-sammlungen.de/de/view/bsb10008768?page=41;032_1782_Reise_von_Dresden_nach_Teplitz_in_Böhmen;;Wilhelm Gottlieb Becker;1782;Kein Eintrag vorhanden;36;BSB München;https://reise.isgv.de/logs/Q109943918
34;1783;Herrn G. E. von R. Reise von Wien nach Böhmen und Sachsen, im May 1783;Seite(n)312-313;https://digital.slub-dresden.de/werkansicht/dlf/79016/322;034_1783_Herrn_G._E._von_R._Reise_von_Wien_nach_Böhmen_und_Sachsen,_im_May_1783;;Kein Eintrag vorhanden;1783;1783;38;SLUB Dresden;https://reise.isgv.de/logs/Q109944147
35;1783;Herrn G. E. von R. Reise von Wien nach Böhmen und Sachsen, im May 1783;Seite(n)299-304;https://digital.slub-dresden.de/werkansicht/dlf/79016/309;035_1783_Herrn_G._E._von_R._Reise_von_Wien_nach_Böhmen_und_Sachsen,_im_May_1783;;Kein Eintrag vorhanden;1783;1783;38;SLUB Dresden;https://reise.isgv.de/logs/Q109944147
36;1783;Briefe eines reisenden Franzosen über Deutschland. An seinen Bruder zu Paris;Seite(n)6-19;https://www.digitale-sammlungen.de/de/view/bsb10467957?page=6;036_1783_Briefe_eines_reisenden_Franzosen_über_Deutschland._An_seinen_Bruder_zu_Paris;;Johann Kaspar Riesbeck;1783;Kein Eintrag vorhanden;412;BSB München;https://reise.isgv.de/logs/Q109944061
37;1783;Bemerkungen auf einer Reise durch die Lausitz und Sachsen;Seite(n)127-132;https://www.digitale-sammlungen.de/de/view/bsb10926840?page=137;037_1783_Bemerkungen_auf_einer_Reise_durch_die_Lausitz_und_Sachsen;;Christian Gottfried Klose;1783;Kein Eintrag vorhanden;39;BSB München;https://reise.isgv.de/logs/Q109943999
38;1783;Bemerkungen auf einer Reise durch die Lausitz und Sachsen;Seite(n)124;https://www.digitale-sammlungen.de/de/view/bsb10926840?page=134;038_1783_Bemerkungen_auf_einer_Reise_durch_die_Lausitz_und_Sachsen;;Christian Gottfried Klose;1783;Kein Eintrag vorhanden;39;BSB München;https://reise.isgv.de/logs/Q109943999
45;1785;Eine Frühlingsreise über Halle, Leipzig und Altenburg nach Dresden im Jahre 1784;Seite(n)372-373;https://www.digitale-sammlungen.de/de/view/bsb10614688?page=384;045_1785_Eine_Frühlingsreise_über_Halle,_Leipzig_und_Altenburg_nach_Dresden_im_Jahre_1784;;Joachim Christoph Friedrich Schulz;1785;1784;562;BSB München;https://reise.isgv.de/logs/Q109944075
46;1785;Beschreibung seiner Reise durch Ober- und Nieder-Sachsen und Hessen;Seite(n)111-139;https://digital.slub-dresden.de/werkansicht/dlf/55914/125;046_1785_Beschreibung_seiner_Reise_durch_Ober-_und_Nieder-Sachsen_und_Hessen;;Jonas Apelblad;1785;1755;366;SLUB Dresden;https://reise.isgv.de/logs/Q109943912
49;1786;Kleine Wanderungen durch Teutschland;Seite(n)142-220;https://www.digitale-sammlungen.de/de/view/bsb10468145?page=146;049_1786_Kleine_Wanderungen_durch_Teutschland;;Joachim Christoph Friedrich Schulz;1786;Kein Eintrag vorhanden;220;BSB München;https://reise.isgv.de/logs/Q109944076
50;1786;Briefe über Sachsen von einem Reisenden;Seite(n)59-68;https://www.digitale-sammlungen.de/de/view/bsb10466437?q=%28Briefe+%C3%BCber+Sachsen+von+einem+Reisenden%29&page=62,63;050_1786_Briefe_über_Sachsen_von_einem_Reisenden;;Christian Gottfried Klose;1786;Kein Eintrag vorhanden;156;BSB München;https://reise.isgv.de/logs/Q109944000
51;1786;Briefe über Sachsen von einem Reisenden;Seite(n)54-56;https://www.digitale-sammlungen.de/de/view/bsb10466437?q=%28Briefe+%C3%BCber+Sachsen+von+einem+Reisenden%29&page=58,59;051_1786_Briefe_über_Sachsen_von_einem_Reisenden;;Christian Gottfried Klose;1786;Kein Eintrag vorhanden;156;BSB München;https://reise.isgv.de/logs/Q109944000
52;1786;Briefe über Sachsen von einem Reisenden;Seite(n)52-53;https://www.digitale-sammlungen.de/de/view/bsb10466437?q=%28Briefe+%C3%BCber+Sachsen+von+einem+Reisenden%29&page=56,57;052_1786_Briefe_über_Sachsen_von_einem_Reisenden;;Christian Gottfried Klose;1786;Kein Eintrag vorhanden;156;BSB München;https://reise.isgv.de/logs/Q109944000
53;1786;Briefe über Sachsen von einem Reisenden;Seite(n)49-51;https://www.digitale-sammlungen.de/de/view/bsb10466437?q=%28Briefe+%C3%BCber+Sachsen+von+einem+Reisenden%29&page=52,53;053_1786_Briefe_über_Sachsen_von_einem_Reisenden;;Christian Gottfried Klose;1786;Kein Eintrag vorhanden;156;BSB München;https://reise.isgv.de/logs/Q109944000
54;1786;Briefe über Sachsen von einem Reisenden;Seite(n)47;https://www.digitale-sammlungen.de/de/view/bsb10466437?q=%28Briefe+%C3%BCber+Sachsen+von+einem+Reisenden%29&page=50,51;054_1786_Briefe_über_Sachsen_von_einem_Reisenden;;Christian Gottfried Klose;1786;Kein Eintrag vorhanden;156;BSB München;https://reise.isgv.de/logs/Q109944000
55;1786;Briefe über Sachsen von einem Reisenden;Seite(n)16-68;https://www.digitale-sammlungen.de/de/view/bsb10466437?q=%28Briefe+%C3%BCber+Sachsen+von+einem+Reisenden%29&page=20,21;055_1786_Briefe_über_Sachsen_von_einem_Reisenden;;Christian Gottfried Klose;1786;Kein Eintrag vorhanden;156;BSB München;https://reise.isgv.de/logs/Q109944000
56;1786;Briefe über Sachsen von einem Reisenden;Seite(n)14-16;https://www.digitale-sammlungen.de/de/view/bsb10466437?q=%28Briefe+%C3%BCber+Sachsen+von+einem+Reisenden%29&page=18,19;056_1786_Briefe_über_Sachsen_von_einem_Reisenden;;Christian Gottfried Klose;1786;Kein Eintrag vorhanden;156;BSB München;https://reise.isgv.de/logs/Q109944000
57;1787;Briefe über Herrnhut und andere Orte der Oberlausitz;Seite(n)9-12;https://digital.slub-dresden.de/werkansicht/dlf/2424/29;057_1787_Briefe_über_Herrnhut_und_andere_Orte_der_Oberlausitz;;Christian Gottlieb Schmidt;1787;Kein Eintrag vorhanden;184;SLUB Dresden;https://reise.isgv.de/logs/Q109944069
58;1787;Reise von Wien über Prag, Dresden und durch einen Theil der Lausitz nach Berlin und Potsdam;Seite(n)69-71;https://digital.slub-dresden.de/werkansicht/dlf/55644/83;058_1787_Reise_von_Wien_über_Prag,_Dresden_und_durch_einen_Theil_der_Lausitz_nach_Berlin_und_Potsdam;;Gottfried von Rotenstein;1787;1784;134;SLUB Dresden;https://reise.isgv.de/logs/Q105102299
59;1787;Reise von Wien über Prag, Dresden und durch einen Theil der Lausitz nach Berlin und Potsdam;Seite(n)13-49;https://digital.slub-dresden.de/werkansicht/dlf/55644/27;059_1787_Reise_von_Wien_über_Prag,_Dresden_und_durch_einen_Theil_der_Lausitz_nach_Berlin_und_Potsdam;;Gottfried von Rotenstein;1787;1784;134;SLUB Dresden;https://reise.isgv.de/logs/Q105102299
60;1789;Bemerkungen auf der Reise durch Frankreich, Italien und Deutschland;Seite(n)350-374;https://www.digitale-sammlungen.de/de/view/bsb10467735?page=352;060_1789_Bemerkungen_auf_der_Reise_durch_Frankreich,_Italien_und_Deutschland;;Hester Thrale;1789;Kein Eintrag vorhanden;413;BSB München;https://reise.isgv.de/logs/Q109944043
61;1790;Bemerkungen auf einer Reise von Thorn durch Posen nach Sachsen;Seite(n)142-144;https://digital.slub-dresden.de/werkansicht/dlf/1821/154;061_1790_Bemerkungen_auf_einer_Reise_von_Thorn_durch_Posen_nach_Sachsen;;Johann Christoph Hornuff;1790;Kein Eintrag vorhanden;192;SLUB Dresden;https://reise.isgv.de/logs/Q109943992
62;1790;Bemerkungen auf einer Reise von Thorn durch Posen nach Sachsen;Seite(n)106-122;https://digital.slub-dresden.de/werkansicht/dlf/1821/118;062_1790_Bemerkungen_auf_einer_Reise_von_Thorn_durch_Posen_nach_Sachsen;;Johann Christoph Hornuff;1790;Kein Eintrag vorhanden;192;SLUB Dresden;https://reise.isgv.de/logs/Q109943992
63;1790;Bemerkungen auf einer Reise von Thorn durch Posen nach Sachsen;Seite(n)83-104;https://digital.slub-dresden.de/werkansicht/dlf/1821/95;063_1790_Bemerkungen_auf_einer_Reise_von_Thorn_durch_Posen_nach_Sachsen;;Johann Christoph Hornuff;1790;Kein Eintrag vorhanden;192;SLUB Dresden;https://reise.isgv.de/logs/Q109943992
64;1791;Briefe einer Curländerinn auf einer Reise durch Deutschland;Seite(n)81;https://www.digitale-sammlungen.de/de/view/bsb00075073?q=%28briefe+einer+curl%C3%A4nderinn%29&page=82,83;064_1791_Briefe_einer_Curländerinn_auf_einer_Reise_durch_Deutschland;;Sophie Schwarz;1791;Kein Eintrag vorhanden;175;BSB München;https://reise.isgv.de/logs/Q109944081
65;1791;Briefe einer Curländerinn auf einer Reise durch Deutschland;Seite(n)166;https://www.digitale-sammlungen.de/de/view/bsb00075072?q=%28Briefe+einer+Curl%C3%A4nderinn+Auf+einer+Reise+durch+Deutschland,+Zwei+Theile,+Bd.%3A%29&page=178,179;065_1791_Briefe_einer_Curländerinn_auf_einer_Reise_durch_Deutschland;;Sophie Schwarz;1791;Kein Eintrag vorhanden;175;BSB München;https://reise.isgv.de/logs/Q109944081
66;1791;Briefe einer Curländerinn auf einer Reise durch Deutschland;Seite(n)107-115;https://www.digitale-sammlungen.de/de/view/bsb00075072?q=%28Briefe+einer+Curl%C3%A4nderinn+Auf+einer+Reise+durch+Deutschland,+Zwei+Theile,+Bd.%3A%29&page=118,119;066_1791_Briefe_einer_Curländerinn_auf_einer_Reise_durch_Deutschland;;Sophie Schwarz;1791;Kein Eintrag vorhanden;175;BSB München;https://reise.isgv.de/logs/Q109944081
67;1791;Briefe einer Curländerinn auf einer Reise durch Deutschland;Seite(n)71-75;https://www.digitale-sammlungen.de/de/view/bsb00075072?q=%28Briefe+einer+Curl%C3%A4nderinn+Auf+einer+Reise+durch+Deutschland,+Zwei+Theile,+Bd.%3A%29&page=82,83;067_1791_Briefe_einer_Curländerinn_auf_einer_Reise_durch_Deutschland;;Sophie Schwarz;1791;Kein Eintrag vorhanden;175;BSB München;https://reise.isgv.de/logs/Q109944081
68;1791;Briefe einer Curländerinn auf einer Reise durch Deutschland;Seite(n)62-66;https://www.digitale-sammlungen.de/de/view/bsb00075072?q=%28Briefe+einer+Curl%C3%A4nderinn+Auf+einer+Reise+durch+Deutschland,+Zwei+Theile,+Bd.%3A%29&page=74,75;068_1791_Briefe_einer_Curländerinn_auf_einer_Reise_durch_Deutschland;;Sophie Schwarz;1791;Kein Eintrag vorhanden;175;BSB München;https://reise.isgv.de/logs/Q109944081
72;1793;Briefe eines reisenden Dänen. Geschrieben im Jahre 1791 und 1792 während seiner Reise durch einen Theil Deutschlands, der Schweiz und Frankreichs;Seite(n)62-63;https://www.digitale-sammlungen.de/de/view/bsb10468214?page=70;072_1793_Briefe_eines_reisenden_Dänen._Geschrieben_im_Jahre_1791_und_1792_während_seiner_Reise_durch_einen_Th;;Frederik Sneedorff;1793;1791 bis 1792;360;BSB München;https://reise.isgv.de/logs/Q109944088
73;1793;Briefe eines reisenden Dänen. Geschrieben im Jahre 1791 und 1792 während seiner Reise durch einen Theil Deutschlands, der Schweiz und Frankreichs;Seite(n)58-60;https://www.digitale-sammlungen.de/de/view/bsb10468214?page=66;073_1793_Briefe_eines_reisenden_Dänen._Geschrieben_im_Jahre_1791_und_1792_während_seiner_Reise_durch_einen_Th;;Frederik Sneedorff;1793;1791 bis 1792;360;BSB München;https://reise.isgv.de/logs/Q109944088
74;1793;Briefe eines reisenden Dänen. Geschrieben im Jahre 1791 und 1792 während seiner Reise durch einen Theil Deutschlands, der Schweiz und Frankreichs;Seite(n)30;https://www.digitale-sammlungen.de/de/view/bsb10468214?page=38;074_1793_Briefe_eines_reisenden_Dänen._Geschrieben_im_Jahre_1791_und_1792_während_seiner_Reise_durch_einen_Th;;Frederik Sneedorff;1793;1791 bis 1792;360;BSB München;https://reise.isgv.de/logs/Q109944088
75;1793;Briefe auf einer Reise durch Deutschland im Jahre 1791;Seite(n)197-201;https://www.digitale-sammlungen.de/de/view/bsb11095835?page=215;075_1793_Briefe_auf_einer_Reise_durch_Deutschland_im_Jahre_1791;;Karl Martin Plümicke;1793;1791;444;BSB München;https://reise.isgv.de/logs/Q109944045
76;1793;Briefe auf einer Reise durch Deutschland im Jahre 1791;Seite(n)154-197;https://www.digitale-sammlungen.de/de/view/bsb11095835?page=172;076_1793_Briefe_auf_einer_Reise_durch_Deutschland_im_Jahre_1791;;Karl Martin Plümicke;1793;1791;444;BSB München;https://reise.isgv.de/logs/Q109944045
80;1794;Reise in Deutschland, der Schweiz, Italien und Sicilien;Seite(n)398;https://www.digitale-sammlungen.de/de/view/bsb10468286?page=402;080_1794_Reise_in_Deutschland,_der_Schweiz,_Italien_und_Sicilien;;Friedrich Leopold Graf zu Stolberg;1794;1792;398;BSB München;https://reise.isgv.de/logs/Q109944095
81;1795;Kleine Wanderungen durch Sachsen und Brandenburg;Seite(n)66-102;https://digital.slub-dresden.de/werkansicht/dlf/69234/82;081_1795_Kleine_Wanderungen_durch_Sachsen_und_Brandenburg;;Kein Eintrag vorhanden;1795;Kein Eintrag vorhanden;435;SLUB Dresden;https://reise.isgv.de/logs/Q109944170
82;1795;Kleine Wanderungen durch Sachsen und Brandenburg;Seite(n)23-48;https://digital.slub-dresden.de/werkansicht/dlf/69234/39;082_1795_Kleine_Wanderungen_durch_Sachsen_und_Brandenburg;;Kein Eintrag vorhanden;1795;Kein Eintrag vorhanden;435;SLUB Dresden;https://reise.isgv.de/logs/Q109944170
87;1795;Hans Kiekindiewelts Reisen in alle vier Weltteile und andere Schriften;Seite(n)166-229;https://digital.slub-dresden.de/werkansicht/dlf/55979/172;087_1795_Hans_Kiekindiewelts_Reisen_in_alle_vier_Weltteile_und_andere_Schriften;;Georg Friedrich Rebmann;1795;Kein Eintrag vorhanden;254;SLUB Dresden;https://reise.isgv.de/logs/Q109944053
88;1795;Hans Kiekindiewelts Reisen in alle vier Weltteile und andere Schriften;Seite(n)130-166;https://digital.slub-dresden.de/werkansicht/dlf/55979/136;088_1795_Hans_Kiekindiewelts_Reisen_in_alle_vier_Weltteile_und_andere_Schriften;;Georg Friedrich Rebmann;1795;Kein Eintrag vorhanden;254;SLUB Dresden;https://reise.isgv.de/logs/Q109944053
90;1795;Wanderungen und Kreuzzüge durch einen Theil Deutschlands;Seite(n)176-266;https://www.digitale-sammlungen.de/de/view/bsb10469118?page=176;090_1795_Wanderungen_und_Kreuzzüge_durch_einen_Theil_Deutschlands;;Georg Friedrich Rebmann;1795;Kein Eintrag vorhanden;270;BSB München;https://reise.isgv.de/logs/Q109944052
91;1795;Wanderungen und Kreuzzüge durch einen Theil Deutschlands;Seite(n)141-169;https://www.digitale-sammlungen.de/de/view/bsb10469118?page=141;091_1795_Wanderungen_und_Kreuzzüge_durch_einen_Theil_Deutschlands;;Georg Friedrich Rebmann;1795;Kein Eintrag vorhanden;270;BSB München;https://reise.isgv.de/logs/Q109944052
92;1795;Wanderungen und Kreuzzüge durch einen Theil Deutschlands;Seite(n)138-141;https://www.digitale-sammlungen.de/de/view/bsb10469118?page=138;092_1795_Wanderungen_und_Kreuzzüge_durch_einen_Theil_Deutschlands;;Georg Friedrich Rebmann;1795;Kein Eintrag vorhanden;270;BSB München;https://reise.isgv.de/logs/Q109944052
93;1795;Bemerkungen auf einer Reise von Kopenhagen nach Wien im Jahr 1793;Seite(n)54-66;https://www.digitale-sammlungen.de/de/view/bsb10468856?page=58;093_1795_Bemerkungen_auf_einer_Reise_von_Kopenhagen_nach_Wien_im_Jahr_1793;;Emanuel Bozenhard;1795;1793;184;BSB München;https://reise.isgv.de/logs/Q109943926
95;1796;Reisen durch Deutschland, Frankreich, England und Holland in verschiedener, besonders politischer Hinsicht;Seite(n)207-214;https://www.digitale-sammlungen.de/de/view/bsb11249684?page=213;095_1796_Reisen_durch_Deutschland,_Frankreich,_England_und_Holland_in_verschiedener,_besonders_politischer_Hi;;Andreas Riem;1796;1785 bis 1798;286;BSB München;https://reise.isgv.de/logs/Q109944060
96;1796;Reisen durch Deutschland, Frankreich, England und Holland in verschiedener, besonders politischer Hinsicht;Seite(n)154-155;https://www.digitale-sammlungen.de/de/view/bsb11249684?page=160;096_1796_Reisen_durch_Deutschland,_Frankreich,_England_und_Holland_in_verschiedener,_besonders_politischer_Hi;;Andreas Riem;1796;1785 bis 1798;286;BSB München;https://reise.isgv.de/logs/Q109944060
97;1796;Wanderungen durch die Niederlande, Deutschland, die Schweiz und Italien 1793 und 1794;Seite(n)499-502;https://www.digitale-sammlungen.de/de/view/bsb10467215?page=519;097_1796_Wanderungen_durch_die_Niederlande,_Deutschland,_die_Schweiz_und_Italien_1793_und_1794;;Carl Gottlob Küttner;1796;1793 bis 1794;572;BSB München;https://reise.isgv.de/logs/Q109944009
98;1797;Reisen und merkwürdige Nachrichten zweier Neufranken durch Deutschland, Rußland, Polen und die Oesterreichischen Staaten während des jetzigen wichtigen Krieges;Seite(n)30-53;https://www.digitale-sammlungen.de/de/view/bsb10469984?page=36;098_1797_Reisen_und_merkwürdige_Nachrichten_zweier_Neufranken_durch_Deutschland,_Rußland,_Polen_und_die_Oeste;;Kein Eintrag vorhanden;1797;Kein Eintrag vorhanden;316;BSB München;https://reise.isgv.de/logs/Q109944161
99;1798;Erzählungen von einer Reise durch einen großen Theil Deutschlands und der Schweiz, im Jahre 1796;Seite(n)54-67;https://www.digitale-sammlungen.de/de/view/bsb11095854?page=68;099_1798_Erzählungen_von_einer_Reise_durch_einen_großen_Theil_Deutschlands_und_der_Schweiz,_im_Jahre_1796;;Friedrich Philipp Wilmsen;1798;1796;376;BSB München;https://reise.isgv.de/logs/Q109944115
100;1798;Erzählungen von einer Reise durch einen großen Theil Deutschlands und der Schweiz, im Jahre 1796;Seite(n)17-44;https://www.digitale-sammlungen.de/de/view/bsb11095854?page=31;100_1798_Erzählungen_von_einer_Reise_durch_einen_großen_Theil_Deutschlands_und_der_Schweiz,_im_Jahre_1796;;Friedrich Philipp Wilmsen;1798;1796;376;BSB München;https://reise.isgv.de/logs/Q109944115
101;1798;Meine Reise in das Sächsische Erzgebirge im Monath August 1798;Seite(n)36;https://digital.slub-dresden.de/werkansicht/dlf/78092/40;101_1798_Meine_Reise_in_das_Sächsische_Erzgebirge_im_Monath_August_1798;;Carl Friedrich Wilhelm August Vater;1798;1798;39;SLUB Dresden;https://reise.isgv.de/logs/Q109944103
102;1798;Meine Reise in das Sächsische Erzgebirge im Monath August 1798;Seite(n)10-11;https://digital.slub-dresden.de/werkansicht/dlf/78092/14;102_1798_Meine_Reise_in_das_Sächsische_Erzgebirge_im_Monath_August_1798;;Carl Friedrich Wilhelm August Vater;1798;1798;39;SLUB Dresden;https://reise.isgv.de/logs/Q109944103
104;1798;Reisen nach und in der Oberlausitz;Seite(n)239;https://www.digitale-sammlungen.de/de/view/bsb11095838?page=383;104_1798_Reisen_nach_und_in_der_Oberlausitz;;Gottfried Benjamin Meissner;1798;1795;258;BSB München;https://reise.isgv.de/logs/Q109944032
105;1798;Reisen nach und in der Oberlausitz;Seite(n)12-16;https://www.digitale-sammlungen.de/de/view/bsb11095838?page=150;105_1798_Reisen_nach_und_in_der_Oberlausitz;;Gottfried Benjamin Meissner;1798;1795;258;BSB München;https://reise.isgv.de/logs/Q109944032
106;1798;Gemälde über die Ober-Lausitz. Gesammelt auf einer kleinen Fußreise;Seite(n)239;https://digital.slub-dresden.de/werkansicht/dlf/77508/247;106_1798_Gemälde_über_die_Ober-Lausitz._Gesammelt_auf_einer_kleinen_Fußreise;;Gottfried Benjamin Meissner;1798;1795;258;SLUB Dresden;https://reise.isgv.de/logs/Q109944031
107;1798;Gemälde über die Ober-Lausitz. Gesammelt auf einer kleinen Fußreise;Seite(n)12-21;https://digital.slub-dresden.de/werkansicht/dlf/77508/20;107_1798_Gemälde_über_die_Ober-Lausitz._Gesammelt_auf_einer_kleinen_Fußreise;;Gottfried Benjamin Meissner;1798;1795;258;SLUB Dresden;https://reise.isgv.de/logs/Q109944031
108;1798;Fußreise von Dresden nach den zwei verfallenen Bergschlössern, die Rathen, und die dortige Gegend;Seite(n)47-50;https://www.digitale-sammlungen.de/de/view/bsb11095838?page=69;108_1798_Fußreise_von_Dresden_nach_den_zwei_verfallenen_Bergschlössern,_die_Rathen,_und_die_dortige_Gegend;;Gottfried Benjamin Meissner;1798;Kein Eintrag vorhanden;48;BSB München;https://reise.isgv.de/logs/Q109944030
109;1798;Eine kleine Fußreise von Dresden nach Pirna. An Herrn J. Hermsdorf in Görlitz;Seite(n)30-31;https://www.digitale-sammlungen.de/de/view/bsb11095838?page=168;109_1798_Eine_kleine_Fußreise_von_Dresden_nach_Pirna._An_Herrn_J._Hermsdorf_in_Görlitz;;Gottfried Benjamin Meissner;1798;Kein Eintrag vorhanden;42;BSB München;https://reise.isgv.de/logs/Q109944029
110;1798;Eine kleine Fußreise von Dresden nach Pirna. An Herrn J. Hermsdorf in Görlitz;Seite(n)5-7;https://www.digitale-sammlungen.de/de/view/bsb11095838?page=27;110_1798_Eine_kleine_Fußreise_von_Dresden_nach_Pirna._An_Herrn_J._Hermsdorf_in_Görlitz;;Gottfried Benjamin Meissner;1798;Kein Eintrag vorhanden;42;BSB München;https://reise.isgv.de/logs/Q109944029
111;1799;Neue Ansicht von Dresden. Für Reisende von einem Reisenden;Seite(n)2-218;https://digital.slub-dresden.de/werkansicht/dlf/80669/10;111_1799_Neue_Ansicht_von_Dresden._Für_Reisende_von_einem_Reisenden;;Kein Eintrag vorhanden;1799;Kein Eintrag vorhanden;218;SLUB Dresden;https://reise.isgv.de/logs/Q109944122
112;1799;Briefe eines reisenden Russen;Seite(n)192-216;https://www.digitale-sammlungen.de/de/view/bsb10470042?page=222;112_1799_Briefe_eines_reisenden_Russen;;Nikolai Michailowitsch Karamsin;1799;Kein Eintrag vorhanden;216;BSB München;https://reise.isgv.de/logs/Q109943994
113;1799;Meine Reise im deutschen Vaterlande, aus Thüringen ins Riesengebürge zu den Elbquellen und durch Böhmen ins Erzgebürge;Seite(n)51-78;https://digital.slub-dresden.de/werkansicht/dlf/90361/63;113_1799_Meine_Reise_im_deutschen_Vaterlande,_aus_Thüringen_ins_Riesengebürge_zu_den_Elbquellen_und_durch_Böh;;Johann Christoph Friedrich GutsMuths;1799;Kein Eintrag vorhanden;260;SLUB Dresden;https://reise.isgv.de/logs/Q109943978
114;1799;Meine Reise im deutschen Vaterlande, aus Thüringen ins Riesengebürge zu den Elbquellen und durch Böhmen ins Erzgebürge;Seite(n)44-46;https://digital.slub-dresden.de/werkansicht/dlf/90361/56;114_1799_Meine_Reise_im_deutschen_Vaterlande,_aus_Thüringen_ins_Riesengebürge_zu_den_Elbquellen_und_durch_Böh;;Johann Christoph Friedrich GutsMuths;1799;Kein Eintrag vorhanden;260;SLUB Dresden;https://reise.isgv.de/logs/Q109943978
115;1799;Meine Reise im deutschen Vaterlande, aus Thüringen ins Riesengebürge zu den Elbquellen und durch Böhmen ins Erzgebürge;Seite(n)28-38;https://digital.slub-dresden.de/werkansicht/dlf/90361/40;115_1799_Meine_Reise_im_deutschen_Vaterlande,_aus_Thüringen_ins_Riesengebürge_zu_den_Elbquellen_und_durch_Böh;;Johann Christoph Friedrich GutsMuths;1799;Kein Eintrag vorhanden;260;SLUB Dresden;https://reise.isgv.de/logs/Q109943978
119;1801;Schönheiten der Natur und Kunst dargestellt auf einer Reise durch einen Theil der Sächsischen Staaten;Seite(n)624-634;https://digital.slub-dresden.de/werkansicht/dlf/93539/529;119_1801_Schönheiten_der_Natur_und_Kunst_dargestellt_auf_einer_Reise_durch_einen_Theil_der_Sächsischen_Staate;;Kein Eintrag vorhanden;1801;Kein Eintrag vorhanden;642;SLUB Dresden;https://reise.isgv.de/logs/Q109944163
120;1801;Schönheiten der Natur und Kunst dargestellt auf einer Reise durch einen Theil der Sächsischen Staaten;Seite(n)521-621;https://digital.slub-dresden.de/werkansicht/?id=5363&tx_dlf%5Bid%5D=93539&tx_dlf%5Bpage%5D=456;120_1801_Schönheiten_der_Natur_und_Kunst_dargestellt_auf_einer_Reise_durch_einen_Theil_der_Sächsischen_Staate;;Kein Eintrag vorhanden;1801;Kein Eintrag vorhanden;642;SLUB Dresden;https://reise.isgv.de/logs/Q109944163
121;1801;Schönheiten der Natur und Kunst dargestellt auf einer Reise durch einen Theil der Sächsischen Staaten;Seite(n)448-510;https://digital.slub-dresden.de/werkansicht/?id=5363&tx_dlf%5Bid%5D=93539&tx_dlf%5Bpage%5D=318;121_1801_Schönheiten_der_Natur_und_Kunst_dargestellt_auf_einer_Reise_durch_einen_Theil_der_Sächsischen_Staate;;Kein Eintrag vorhanden;1801;Kein Eintrag vorhanden;642;SLUB Dresden;https://reise.isgv.de/logs/Q109944163
122;1801;Schönheiten der Natur und Kunst dargestellt auf einer Reise durch einen Theil der Sächsischen Staaten;Seite(n)310-390;https://www.digitale-sammlungen.de/de/view/bsb10467220?page=318;122_1801_Schönheiten_der_Natur_und_Kunst_dargestellt_auf_einer_Reise_durch_einen_Theil_der_Sächsischen_Staate;;Kein Eintrag vorhanden;1801;Kein Eintrag vorhanden;642;SLUB Dresden;https://reise.isgv.de/logs/Q109944163
123;1801;Reise durch Deutschland, Dänemark, Schweden, Norwegen und einen Theil von Italien, in den Jahren 1797, 1798, 1799;Seite(n)294-298;https://www.digitale-sammlungen.de/de/view/bsb10467220?page=280;123_1801_Reise_durch_Deutschland,_Dänemark,_Schweden,_Norwegen_und_einen_Theil_von_Italien,_in_den_Jahren_179;;Carl Gottlob Küttner;1801;1797 bis 1799;1671;BSB München;https://reise.isgv.de/logs/Q109944008
128;1801;Meine Freuden in Sachsen;Seite(n)76-78;https://www.digitale-sammlungen.de/de/view/bsb10468177?page=25;128_1801_Meine_Freuden_in_Sachsen;;Christian Kosegarten;1801;Kein Eintrag vorhanden;227;Kein Eintrag vorhanden;https://reise.isgv.de/logs/Q109944004
129;1803;Spaziergang nach Syrakus;Seite(n)3-10;https://digital.slub-dresden.de/werkansicht/dlf/94391/47;129_1803_Spaziergang_nach_Syrakus;;Johann Gottfried Seume;1803;Kein Eintrag vorhanden;491;BSB München;https://reise.isgv.de/logs/Q109944085
138;1805;Fußreise durch Sachsen und dessen romantische Schweizergegenden, einen Theil der Anhaltschen, Brandenburg und Braunschweigschen Lande nach Hannover;Seite(n)25-28;https://www.digitale-sammlungen.de/de/view/bsb10467875?page=320;138_1805_Fußreise_durch_Sachsen_und_dessen_romantische_Schweizergegenden,_einen_Theil_der_Anhaltschen,_Brande;;Christoph Wilhelm Lohmann;1805;1804;287;Kein Eintrag vorhanden;https://reise.isgv.de/logs/Q109944017
144;1807;Beobachtungen und Fantasien auf einer Reise durch Sachsen und Brandenburg im Herbst 1802;Seite(n)191-193;https://www.digitale-sammlungen.de/de/view/bsb10468464?page=285;144_1807_Beobachtungen_und_Fantasien_auf_einer_Reise_durch_Sachsen_und_Brandenburg_im_Herbst_1802;;Peter Scheitlin;1807;1802;326;Kein Eintrag vorhanden;https://reise.isgv.de/logs/Q109944068
145;1808;Briefe über Polen, Österreich, Sachsen, Bayern, Italien, Etrurien, den Kirchenstaat und Neapel, an die Comtesse Constance de S.;Seite(n)277-295;https://www.digitale-sammlungen.de/de/view/bsb10724489?page=144;145_1808_Briefe_über_Polen,_Österreich,_Sachsen,_Bayern,_Italien,_Etrurien,_den_Kirchenstaat_und_Neapel,_an_d;;Carl Theodor Baron von Uklanski;1808;1807 bis 1808;386;BSB München;https://reise.isgv.de/logs/Q109944102
149;1808;Reise durch Schottland, seine Inseln, Dänemark und einen Theil von Deutschland;Seite(n)210-219;https://digital.slub-dresden.de/werkansicht/dlf/101035/80;149_1808_Reise_durch_Schottland,_seine_Inseln,_Dänemark_und_einen_Theil_von_Deutschland;;James MacDonald;1808;Kein Eintrag vorhanden;662;Kein Eintrag vorhanden;https://reise.isgv.de/logs/Q109944027
150;1808;Bemerkungen auf einer Reise von Wittenberg nach Dresden, Pirna u.s.w. im Sommer 1807;Seite(n)70;https://digital.slub-dresden.de/werkansicht/dlf/101035/57;150_1808_Bemerkungen_auf_einer_Reise_von_Wittenberg_nach_Dresden,_Pirna_u.s.w._im_Sommer_1807;;Johann Gebhard Maaß;1808;1807;206;SLUB Dresden;https://reise.isgv.de/logs/Q109944022
151;1808;Bemerkungen auf einer Reise von Wittenberg nach Dresden, Pirna u.s.w. im Sommer 1807;Seite(n)47-57;https://digital.slub-dresden.de/werkansicht/dlf/101035/33;151_1808_Bemerkungen_auf_einer_Reise_von_Wittenberg_nach_Dresden,_Pirna_u.s.w._im_Sommer_1807;;Johann Gebhard Maaß;1808;1807;206;SLUB Dresden;https://reise.isgv.de/logs/Q109944022
152;1808;Bemerkungen auf einer Reise von Wittenberg nach Dresden, Pirna u.s.w. im Sommer 1807;Seite(n)23-27;https://digital.slub-dresden.de/werkansicht/dlf/101035/27;152_1808_Bemerkungen_auf_einer_Reise_von_Wittenberg_nach_Dresden,_Pirna_u.s.w._im_Sommer_1807;;Johann Gebhard Maaß;1808;1807;206;SLUB Dresden;https://reise.isgv.de/logs/Q109944022
153;1808;Bemerkungen auf einer Reise von Wittenberg nach Dresden, Pirna u.s.w. im Sommer 1807;Seite(n)17-18;https://digital.slub-dresden.de/werkansicht/dlf/101044/368;153_1808_Bemerkungen_auf_einer_Reise_von_Wittenberg_nach_Dresden,_Pirna_u.s.w._im_Sommer_1807;;Johann Gebhard Maaß;1808;1807;206;SLUB Dresden;https://reise.isgv.de/logs/Q109944022
154;1808;Bemerkungen auf meiner Reise von Wittenberg aus durch einen Theil des Wittenbergischen Kreises, die Nieder- und Oberlausitz und einen Theil des Meißnischen Kreises;Seite(n)318-323;https://digital.slub-dresden.de/werkansicht/dlf/101044/333;154_1808_Bemerkungen_auf_meiner_Reise_von_Wittenberg_aus_durch_einen_Theil_des_Wittenbergischen_Kreises,_die_;;Johann Gebhard Maaß;1808;1806 bis 1807;368;SLUB Dresden;https://reise.isgv.de/logs/Q109944021
155;1808;Bemerkungen auf meiner Reise von Wittenberg aus durch einen Theil des Wittenbergischen Kreises, die Nieder- und Oberlausitz und einen Theil des Meißnischen Kreises;Seite(n)283-306;https://www.digitale-sammlungen.de/de/view/bsb11095837?page=74;155_1808_Bemerkungen_auf_meiner_Reise_von_Wittenberg_aus_durch_einen_Theil_des_Wittenbergischen_Kreises,_die_;;Johann Gebhard Maaß;1808;1806 bis 1807;368;SLUB Dresden;https://reise.isgv.de/logs/Q109944021
156;1808;Gedichte und Selbstbiographie, Teil 2: Reise durch einen Theil von Sachsen, Böhmen, Oesterreich und Ungarn;Seite(n)52-77;https://www.digitale-sammlungen.de/de/view/bsb10469652?page=430;156_1808_Gedichte_und_Selbstbiographie,_Teil_2_Reise_durch_einen_Theil_von_Sachsen,_Böhmen,_Oesterreich_und_U;;Gottlieb Hiller;1808;Kein Eintrag vorhanden;348;BSB München;https://reise.isgv.de/logs/Q109943988
157;1809;Neues Handbuch für Reisende jeder Gattung durch Deutschland und die angränzenden Länder;Seite(n)382-384;https://www.digitale-sammlungen.de/de/view/bsb10469652?page=362;157_1809_Neues_Handbuch_für_Reisende_jeder_Gattung_durch_Deutschland_und_die_angränzenden_Länder;;Johann Christian Fick;1809;Kein Eintrag vorhanden;522;BSB München;https://reise.isgv.de/logs/Q109943953
158;1809;Neues Handbuch für Reisende jeder Gattung durch Deutschland und die angränzenden Länder;Seite(n)314;https://www.digitale-sammlungen.de/de/view/bsb10469652?page=360;158_1809_Neues_Handbuch_für_Reisende_jeder_Gattung_durch_Deutschland_und_die_angränzenden_Länder;;Johann Christian Fick;1809;Kein Eintrag vorhanden;522;BSB München;https://reise.isgv.de/logs/Q109943953
159;1809;Neues Handbuch für Reisende jeder Gattung durch Deutschland und die angränzenden Länder;Seite(n)312-313;https://www.digitale-sammlungen.de/de/view/bsb10469652?page=355;159_1809_Neues_Handbuch_für_Reisende_jeder_Gattung_durch_Deutschland_und_die_angränzenden_Länder;;Johann Christian Fick;1809;Kein Eintrag vorhanden;522;BSB München;https://reise.isgv.de/logs/Q109943953
160;1809;Neues Handbuch für Reisende jeder Gattung durch Deutschland und die angränzenden Länder;Seite(n)307-312;https://www.digitale-sammlungen.de/de/view/bsb10469652?page=136;160_1809_Neues_Handbuch_für_Reisende_jeder_Gattung_durch_Deutschland_und_die_angränzenden_Länder;;Johann Christian Fick;1809;Kein Eintrag vorhanden;522;BSB München;https://reise.isgv.de/logs/Q109943953
161;1809;Neues Handbuch für Reisende jeder Gattung durch Deutschland und die angränzenden Länder;Seite(n)88-91;https://www.digitale-sammlungen.de/de/view/bsb10469652?page=75;161_1809_Neues_Handbuch_für_Reisende_jeder_Gattung_durch_Deutschland_und_die_angränzenden_Länder;;Johann Christian Fick;1809;Kein Eintrag vorhanden;522;BSB München;https://reise.isgv.de/logs/Q109943953
167;1810;Meine Fußreisen im Jahre 1809 zur Zeit des österreichischen Krieges;Seite(n)166-193;https://digital.slub-dresden.de/werkansicht/dlf/13943/418;167_1810_Meine_Fußreisen_im_Jahre_1809_zur_Zeit_des_österreichischen_Krieges;;Johann Gebhard Maaß;1810;1809;436;Kein Eintrag vorhanden;https://reise.isgv.de/logs/Q109944023
168;1810;Reise durch Franken Baiern, Oesterreich, Preußen und Sachsen;Seite(n)410-433;https://www.digitale-sammlungen.de/de/view/bsb10469992?page=18;168_1810_Reise_durch_Franken_Baiern,_Oesterreich,_Preußen_und_Sachsen;;Christian von Eggers;1810;Kein Eintrag vorhanden;500;SLUB Dresden;https://reise.isgv.de/logs/Q109943946
169;1811;Durchflug eines Humoristen durch Deutschland, die Schweitz und das südliche Franckreich;Seite(n)14-15;https://digital.slub-dresden.de/werkansicht/dlf/99374/141;169_1811_Durchflug_eines_Humoristen_durch_Deutschland,_die_Schweitz_und_das_südliche_Franckreich;;Johann Friedrich Raupach;1811;1809 bis 1810;429;BSB München;https://reise.isgv.de/logs/Q109944051
176;1816;Vier Erholungs-Wochen oder Reise durch die neupreussischen Markgrafthümer, Nieder- und Oberlausitz;Seite(n)208-226;https://www.digitale-sammlungen.de/de/view/bsb10469982?page=403;176_1816_Vier_Erholungs-Wochen_oder_Reise_durch_die_neupreussischen_Markgrafthümer,_Nieder-_und_Oberlausitz;;Kein Eintrag vorhanden;1816;Kein Eintrag vorhanden;251;ULB Münster;https://reise.isgv.de/logs/Q109944141
177;1816;Reise durch Teutschland, Holland und Frankreich, die Schweiz und Italien in den Jahren 1797, 1803 und 1804;Seite(n)399-400;https://www.digitale-sammlungen.de/de/view/bsb10469982?page=401;177_1816_Reise_durch_Teutschland,_Holland_und_Frankreich,_die_Schweiz_und_Italien_in_den_Jahren_1797,_1803_un;;Pauline Dorothea Frisch;1816;1797 bis 1804;403;BSB München;https://reise.isgv.de/logs/Q109943968
182;1816;Auszüge aus der Brieftasche eines Rheinländers, seinen Durchflug durch Sachsen betreffend;Seite(n)762-765;https://www.digitale-sammlungen.de/de/view/bsb10946792?q=%28Merkw%C3%BCrdige+Reise+%C3%BCber+Erlangen,+Dre%C3%9Fden,+Kassel+und+Fulda+nach+Hammelburg%29&page=32,33;182_1816_Auszüge_aus_der_Brieftasche_eines_Rheinländers,_seinen_Durchflug_durch_Sachsen_betreffend;;Anton von Dziembowski;1816;Kein Eintrag vorhanden;45;Kein Eintrag vorhanden;https://reise.isgv.de/logs/Q109943942
183;1817;Merkwürdige Reise über Erlangen, Dreßden, Kassel und Fulda nach Hammelburg;Seite(n)29-31;https://digital.slub-dresden.de/werkansicht/dlf/95118/170;183_1817_Merkwürdige_Reise_über_Erlangen,_Dreßden,_Kassel_und_Fulda_nach_Hammelburg;;Karl Heinrich von Lang;1817;Kein Eintrag vorhanden;87;BSB München;https://reise.isgv.de/logs/Q109944010
184;1819;Beobachtungen bey meinem Aufenthalt in der Oberlausitz und auf einer Reise über Dresden nach Wittenberg im Jahre 1818;Seite(n)148-149;https://digital.slub-dresden.de/werkansicht/?id=5363&tx_dlf%5Bid%5D=95118&tx_dlf%5Bpage%5D=94;184_1819_Beobachtungen_bey_meinem_Aufenthalt_in_der_Oberlausitz_und_auf_einer_Reise_über_Dresden_nach_Wittenb;;Johann Gebhard Maaß;1819;1818;188;SLUB Dresden;https://reise.isgv.de/logs/Q109944025
185;1819;Beobachtungen bey meinem Aufenthalt in der Oberlausitz und auf einer Reise über Dresden nach Wittenberg im Jahre 1818;Seite(n)72-74;https://digital.slub-dresden.de/werkansicht/dlf/95118/80;185_1819_Beobachtungen_bey_meinem_Aufenthalt_in_der_Oberlausitz_und_auf_einer_Reise_über_Dresden_nach_Wittenb;;Johann Gebhard Maaß;1819;1818;188;SLUB Dresden;https://reise.isgv.de/logs/Q109944025
190;1820;Reisen durch einige Theile von Deutschland, Polen, der Moldau und der Türkei. Ester Theil;Seite(n)83-88;https://www.digitale-sammlungen.de/de/view/bsb11246750?page=264;190_1820_Reisen_durch_einige_Theile_von_Deutschland,_Polen,_der_Moldau_und_der_Türkei._Ester_Theil;;Adam Neale;1820;Kein Eintrag vorhanden;178;SUB Göttingen;https://reise.isgv.de/logs/Q105102559
191;1822;Der deutsche Wanderer;Seite(n)232-236;https://www.digitale-sammlungen.de/de/view/bsb10467599?page=33;191_1822_Der_deutsche_Wanderer;;Ernst Heinrich Zober;1822;Kein Eintrag vorhanden;331;BSB München;https://reise.isgv.de/logs/Q109944121
192;1824;Briefe an deutsche Freunde von einer Reise durch Italien über Sachsen, Böhmen, und Oestreich, 1820 und 1821 geschrieben und als Skizzen zum Gemälde unserer Zeit herausgegeben.;Seite(n)11-13;https://www.digitale-sammlungen.de/de/view/bsb10467599?page=33;192_1824_Briefe_an_deutsche_Freunde_von_einer_Reise_durch_Italien_über_Sachsen,_Böhmen,_und_Oestreich,_1820_u;;Wilhelm Christian Müller;1824;1820 bis 1821;490;BSB München;https://reise.isgv.de/logs/Q109590352
193;1825;Reise durch die Königreiche Sachsen und Böhmen in den Jahren 1822 und 1823;Seite(n)112;https://digital.slub-dresden.de/werkansicht/dlf/89780/124;193_1825_Reise_durch_die_Königreiche_Sachsen_und_Böhmen_in_den_Jahren_1822_und_1823;;Wilhelm Ferdinand Bischoff;1825;1822 bis 1823;243;SLUB Dresden;https://reise.isgv.de/logs/Q109943921
194;1825;Reise durch die Königreiche Sachsen und Böhmen in den Jahren 1822 und 1823;Seite(n)105;https://digital.slub-dresden.de/werkansicht/dlf/89780/117;194_1825_Reise_durch_die_Königreiche_Sachsen_und_Böhmen_in_den_Jahren_1822_und_1823;;Wilhelm Ferdinand Bischoff;1825;1822 bis 1823;243;SLUB Dresden;https://reise.isgv.de/logs/Q109943921
195;1825;Reise durch die Königreiche Sachsen und Böhmen in den Jahren 1822 und 1823;Seite(n)20-102;https://digital.slub-dresden.de/werkansicht/dlf/89780/32;195_1825_Reise_durch_die_Königreiche_Sachsen_und_Böhmen_in_den_Jahren_1822_und_1823;;Wilhelm Ferdinand Bischoff;1825;1822 bis 1823;243;SLUB Dresden;https://reise.isgv.de/logs/Q109943921
196;1826;Wanderbilder. Gesammelt auf einer Reise von Wien über Dresden, Leipzig, Cassel nach Hamburg;Seite(n)76-77;https://www.digitale-sammlungen.de/de/view/bsb10727721?page=84;196_1826_Wanderbilder._Gesammelt_auf_einer_Reise_von_Wien_über_Dresden,_Leipzig,_Cassel_nach_Hamburg;;Kein Eintrag vorhanden;1826;Kein Eintrag vorhanden;130;BSB München;https://reise.isgv.de/logs/Q109944167
197;1826;Wanderbilder. Gesammelt auf einer Reise von Wien über Dresden, Leipzig, Cassel nach Hamburg;Seite(n)67;https://www.digitale-sammlungen.de/de/view/bsb10727721?page=75;197_1826_Wanderbilder._Gesammelt_auf_einer_Reise_von_Wien_über_Dresden,_Leipzig,_Cassel_nach_Hamburg;;Kein Eintrag vorhanden;1826;Kein Eintrag vorhanden;130;BSB München;https://reise.isgv.de/logs/Q109944167
198;1826;Wanderbilder. Gesammelt auf einer Reise von Wien über Dresden, Leipzig, Cassel nach Hamburg;Seite(n)60;https://www.digitale-sammlungen.de/de/view/bsb10727721?page=68;198_1826_Wanderbilder._Gesammelt_auf_einer_Reise_von_Wien_über_Dresden,_Leipzig,_Cassel_nach_Hamburg;;Kein Eintrag vorhanden;1826;Kein Eintrag vorhanden;130;BSB München;https://reise.isgv.de/logs/Q109944167
199;1826;Wanderbilder. Gesammelt auf einer Reise von Wien über Dresden, Leipzig, Cassel nach Hamburg;Seite(n)58-59;https://www.digitale-sammlungen.de/de/view/bsb10727721?page=66;199_1826_Wanderbilder._Gesammelt_auf_einer_Reise_von_Wien_über_Dresden,_Leipzig,_Cassel_nach_Hamburg;;Kein Eintrag vorhanden;1826;Kein Eintrag vorhanden;130;BSB München;https://reise.isgv.de/logs/Q109944167
200;1826;Wanderbilder. Gesammelt auf einer Reise von Wien über Dresden, Leipzig, Cassel nach Hamburg;Seite(n)54-56;https://www.digitale-sammlungen.de/de/view/bsb10727721?page=62;200_1826_Wanderbilder._Gesammelt_auf_einer_Reise_von_Wien_über_Dresden,_Leipzig,_Cassel_nach_Hamburg;;Kein Eintrag vorhanden;1826;Kein Eintrag vorhanden;130;BSB München;https://reise.isgv.de/logs/Q109944167
201;1826;Wanderbilder. Gesammelt auf einer Reise von Wien über Dresden, Leipzig, Cassel nach Hamburg;Seite(n)43-51;https://www.digitale-sammlungen.de/de/view/bsb10727721?page=51;201_1826_Wanderbilder._Gesammelt_auf_einer_Reise_von_Wien_über_Dresden,_Leipzig,_Cassel_nach_Hamburg;;Kein Eintrag vorhanden;1826;Kein Eintrag vorhanden;130;BSB München;https://reise.isgv.de/logs/Q109944167
202;1827;Reisen nach den vorzüglichsten Hauptstädten von Mittel-Europa. Eine Schilderung der Länder und Städte, ihrer Bewohner, Naturschönheiten, Sehenswürdigkeiten, u.s.w.;Seite(n)102-104;https://www.digitale-sammlungen.de/de/view/bsb10622201?page=114;202_1827_Reisen_nach_den_vorzüglichsten_Hauptstädten_von_Mittel-Europa._Eine_Schilderung_der_Länder_und_Städt;;Christian Gottfried Daniel Stein;1827;Kein Eintrag vorhanden;368;BSB München;https://reise.isgv.de/logs/Q109944093
203;1827;Reisen nach den vorzüglichsten Hauptstädten von Mittel-Europa. Eine Schilderung der Länder und Städte, ihrer Bewohner, Naturschönheiten, Sehenswürdigkeiten, u.s.w.;Seite(n)62-102;https://www.digitale-sammlungen.de/de/view/bsb10622201?page=74;203_1827_Reisen_nach_den_vorzüglichsten_Hauptstädten_von_Mittel-Europa._Eine_Schilderung_der_Länder_und_Städt;;Christian Gottfried Daniel Stein;1827;Kein Eintrag vorhanden;368;BSB München;https://reise.isgv.de/logs/Q109944093
204;1831;Reise durch Deutschland Ungarn, Holland, Italien, Frankreich, Großbritanien und Irland;Seite(n)26-35;https://www.digitale-sammlungen.de/de/view/bsb10467054?page=34;204_1831_Reise_durch_Deutschland_Ungarn,_Holland,_Italien,_Frankreich,_Großbritanien_und_Irland;;Wilhelm von Horn;1831;Kein Eintrag vorhanden;432;BSB München;https://reise.isgv.de/logs/Q109943991
205;1831;Skizzen einer Reise von Wien über Prag, Teplitz, Dresden, Berlin, Leipzig, Weimar, Frankfurt am Main, Darmstadt, Heidelberg, Mannheim, Karlsruhe, Stuttgart, München, Salzburg, Linz, und von dort nach Wien zurück;Seite(n)28-44;https://www.digitale-sammlungen.de/de/view/bsb10466628?page=38;205_1831_Skizzen_einer_Reise_von_Wien_über_Prag,_Teplitz,_Dresden,_Berlin,_Leipzig,_Weimar,_Frankfurt_am_Main;;Johann Ludwig Deinhardstein;1831;Kein Eintrag vorhanden;192;BSB München;https://reise.isgv.de/logs/Q109943939
206;1831;Skizzen einer Reise von Wien über Prag, Teplitz, Dresden, Berlin, Leipzig, Weimar, Frankfurt am Main, Darmstadt, Heidelberg, Mannheim, Karlsruhe, Stuttgart, München, Salzburg, Linz, und von dort nach Wien zurück;Seite(n)27-28;https://www.digitale-sammlungen.de/de/view/bsb10466628?page=37;206_1831_Skizzen_einer_Reise_von_Wien_über_Prag,_Teplitz,_Dresden,_Berlin,_Leipzig,_Weimar,_Frankfurt_am_Main;;Johann Ludwig Deinhardstein;1831;Kein Eintrag vorhanden;192;BSB München;https://reise.isgv.de/logs/Q109943939
223;1899;Reise durch Sachsen im Jahre 1813. Briefe Goethes an Christiane;Seite(n)48-49;https://digital.slub-dresden.de/werkansicht/dlf/99162/16;223_1899_Reise_durch_Sachsen_im_Jahre_1813._Briefe_Goethes_an_Christiane;;Johann Wolfgang von Goethe;1899;1813;58;SLUB Dresden;https://reise.isgv.de/logs/Q109943974
224;1899;Reise durch Sachsen im Jahre 1813. Briefe Goethes an Christiane;Seite(n)42-46;https://digital.slub-dresden.de/werkansicht/dlf/99162/10;224_1899_Reise_durch_Sachsen_im_Jahre_1813._Briefe_Goethes_an_Christiane;;Johann Wolfgang von Goethe;1899;1813;58;SLUB Dresden;https://reise.isgv.de/logs/Q109943974
