Index|Year|Title|Author|Travel Period|Pages|Full Page Count|Link|Folder|Digitally Available at|Citable URL|Gender
1|1586|Gründliche vnd warhafftige beschreibung Der Löblichen vnd Ritterlichen Reise vnd Meerfart in das heilige Land nach Hierusalem|Hans von Mergenthal|1476 bis 1476|Seite(n)99|120|https://www.digitale-sammlungen.de/en/view/bsb11211065?page=98,99|001_1586_Gründliche_vnd_warhafftige_beschreibung_Der_Löblichen_vnd_Ritterlichen_Reise_vnd_Meerfart_in_das_hei|BSB München|https://reise.isgv.de/logs/Q109944034|male
2|1586|Gründliche vnd warhafftige beschreibung Der Löblichen vnd Ritterlichen Reise vnd Meerfart in das heilige Land nach Hierusalem|Matthias Quad|Kein Eintrag vorhanden|Seite(n)23-24|299|https://www.digitale-sammlungen.de/en/view/bsb11211065?page=22,23|002_1586_Gründliche_vnd_warhafftige_beschreibung_Der_Löblichen_vnd_Ritterlichen_Reise_vnd_Meerfart_in_das_hei|BSB München|https://reise.isgv.de/logs/Q109944049|male
3|1604|Delitiarum Germaniae, tam superioris quam inferioris, Index simul & viatorius, indicans Itinera ex Augusta Vindelicorum, ad omnes civitates & oppida, tam in superiori quam inferiori Germania|Friedrich I. von Württemberg|1580|Seite(n)155-156|29|https://www.digitale-sammlungen.de/de/view/bsb11095441?page=,1|003_1604_Delitiarum_Germaniae,_tam_superioris_quam_inferioris,_Index_simul_&_viatorius,_indicans_Itinera_ex_A|HAB Wolfenbüttel|https://reise.isgv.de/logs/Q109943966|male
4|1606|Summarische Verzeichnus einer Reyß, so der … Herr Friderich Hertzog zu Würtemberg und Teck … [et]c. im Jahr Christi 1580 gethon|Gaspar Ens|Kein Eintrag vorhanden|Seite(n)12|320|https://diglib.hab.de/wdb.php?dir=drucke/gm-4947&pointer=19|004_1606_Summarische_Verzeichnus_einer_Reyß,_so_der_…_Herr_Friderich_Hertzog_zu_Würtemberg_und_Teck_…_[et]c._|BSB München|https://reise.isgv.de/logs/Q109943950|male
5|1609|Deliciarum Germaniae, Tam Superioris Quam Inferioris|Martin Zeiller|Kein Eintrag vorhanden|Seite(n)285-287|489|https://www.digitale-sammlungen.de/de/view/bsb11095130?page=303|005_1609_Deliciarum_Germaniae,_Tam_Superioris_Quam_Inferioris|Link|https://reise.isgv.de/logs/Q109944118|male
6|1632|Itinerarium Germaniae Nov-Antiquae. Teutsches Reyßbuch durch Hoch- und Nider-Teutschland auch angräntzende, unnd benachbarte Königreich, Fürstenthumb und Lande|Edward Browne|Kein Eintrag vorhanden|Seite(n)386-393|299|https://archive.org/details/itinerariumgerma00zeil/page/n409/mode/2up|006_1632_Itinerarium_Germaniae_Nov-Antiquae._Teutsches_Reyßbuch_durch_Hoch-_und_Nider-Teutschland_auch_angrän|Kein Eintrag vorhanden|https://reise.isgv.de/logs/Q109943927|male
8|1690|Denckwürdige Reisebeschreibung durch Deutschland, Italien, Spanien, Portugall, Engeland, Franckreich und Schweitz|Peter Ambrosius Lehmann|Kein Eintrag vorhanden|Seite(n)1002-1065|528|https://www.digitale-sammlungen.de/de/view/bsb10467335?page=1048|008_1690_Denckwürdige_Reisebeschreibung_durch_Deutschland,_Italien,_Spanien,_Portugall,_Engeland,_Franckreich|SLUB Dresden|https://reise.isgv.de/logs/Q109944013|male
9|1706|Die vornehmsten europäischen Reisen, wie solche durch Deutschland, Franckreich, Italien, Holl-und England, Dännemarck und Schweden anzustellen|Androphilus|Kein Eintrag vorhanden|Seite(n)56-57|782|https://digital.slub-dresden.de/werkansicht/dlf/57275/122|009_1706_Die_vornehmsten_europäischen_Reisen,_wie_solche_durch_Deutschland,_Franckreich,_Italien,_Holl-und_En|SLUB Dresden|https://reise.isgv.de/logs/Q109943920|male
10|1735|Curieuse Reise-Beschreibung des Herrn Androphili|Androphilus|Kein Eintrag vorhanden|Seite(n)602-604|782|https://digital.slub-dresden.de/werkansicht/dlf/3736/620|010_1735_Curieuse_Reise-Beschreibung_des_Herrn_Androphili|SLUB Dresden|https://reise.isgv.de/logs/Q109943920|male
11|1735|Curieuse Reise-Beschreibung des Herrn Androphili|Androphilus|Kein Eintrag vorhanden|Seite(n)534-544|782|https://digital.slub-dresden.de/werkansicht/dlf/3736/552|011_1735_Curieuse_Reise-Beschreibung_des_Herrn_Androphili|SLUB Dresden|https://reise.isgv.de/logs/Q109943920|male
12|1735|Curieuse Reise-Beschreibung des Herrn Androphili|Karl Ludwig von Pöllnitz|Kein Eintrag vorhanden|Seite(n)462-517|463|https://digital.slub-dresden.de/werkansicht/dlf/3736/480|012_1735_Curieuse_Reise-Beschreibung_des_Herrn_Androphili|BSB München|https://reise.isgv.de/logs/Q109944047|male
13|1738|Briefe, welche das Merkwürdigste von seinen Reisen und die Eigenschaften derjenigen Personen, woraus die vornehmsten Höfe von Europa bestehen, in sich enthalten|Georg von Fürst|Kein Eintrag vorhanden|Seite(n)140-194|460|https://www.digitale-sammlungen.de/de/view/bsb10467756?page=152|013_1738_Briefe,_welche_das_Merkwürdigste_von_seinen_Reisen_und_die_Eigenschaften_derjenigen_Personen,_woraus|SLUB Dresden|https://reise.isgv.de/logs/Q109943970|male
14|1739|Eines berühmten Cavaliers aus Schlesien, Curieuse Reisen durch Europa, in welcher allerhand Merckwürdigkeiten zu finden|Johann Georg Keyssler|Kein Eintrag vorhanden|Seite(n)428-437|1344|https://digital.slub-dresden.de/werkansicht/dlf/55211/456|014_1739_Eines_berühmten_Cavaliers_aus_Schlesien,_Curieuse_Reisen_durch_Europa,_in_welcher_allerhand_Merckwür|BSB München|https://reise.isgv.de/logs/Q109943995|male
15|1740|Neueste Reisen durch Deutschland, Böhmen, Ungarn, die Schweitz, Italien und Lothringen|Johann Andreas Silbermann|1741|Seite(n)1052-1097|438|https://www.digitale-sammlungen.de/de/view/bsb11211808?page=1022|015_1740_Neueste_Reisen_durch_Deutschland,_Böhmen,_Ungarn,_die_Schweitz,_Italien_und_Lothringen|SLUB Dresden|https://reise.isgv.de/logs/Q109944172|male
16|1741|Anmerckungen derer Auf meiner Sächsischen Reysse gesehenen Merckwürdigkeiten Wie ich solche an unterschiedenen Orten meist nur kürtzlich aufgeschrieben|Johann Andreas Silbermann|1741|Seite(n)94|438|https://digital.slub-dresden.de/werkansicht/dlf/111740/118|016_1741_Anmerckungen_derer_Auf_meiner_Sächsischen_Reysse_gesehenen_Merckwürdigkeiten_Wie_ich_solche_an_unter|SLUB Dresden|https://reise.isgv.de/logs/Q109944172|male
17|1741|Anmerckungen derer Auf meiner Sächsischen Reysse gesehenen Merckwürdigkeiten Wie ich solche an unterschiedenen Orten meist nur kürtzlich aufgeschrieben|Richard Pococke|Kein Eintrag vorhanden|Seite(n)48-50|346|https://digital.slub-dresden.de/werkansicht/dlf/111740/68|017_1741_Anmerckungen_derer_Auf_meiner_Sächsischen_Reysse_gesehenen_Merckwürdigkeiten_Wie_ich_solche_an_unter|Link|https://reise.isgv.de/logs/Q109944046|male
21|1774|Briefe eines aufmerksamen Reisenden die Musik betreffend|Andreas Meyer|Kein Eintrag vorhanden|Seite(n)109-122|668|https://archive.org/details/BriefeEinesAufmerksamenReisendenDieMusikBetreffendBd.21776/page/n107/mode/2up|021_1774_Briefe_eines_aufmerksamen_Reisenden_die_Musik_betreffend|HAAB|https://reise.isgv.de/logs/Q109944035|male
24|1777|Briefe eines jungen Reisenden durch Liefland, Kurland und Deutschland|Martin Sherlock|Kein Eintrag vorhanden|Seite(n)180-183|134|https://www.digitale-sammlungen.de/de/view/bsb10621069?page=34|024_1777_Briefe_eines_jungen_Reisenden_durch_Liefland,_Kurland_und_Deutschland|BSB München|https://reise.isgv.de/logs/Q109944086|male
25|1779|Briefe eines Engländers auf seiner Reise nach Berlin, Dresden, Wien, Haag, Rom, Neapolis und Ferney|Johann Peter Willebrand|Kein Eintrag vorhanden|Seite(n)30-37|360|https://www.digitale-sammlungen.de/de/view/bsb10621069?page=34|025_1779_Briefe_eines_Engländers_auf_seiner_Reise_nach_Berlin,_Dresden,_Wien,_Haag,_Rom,_Neapolis_und_Ferney|SLUB Dresden|https://reise.isgv.de/logs/Q109944112|male
26|1780|Freundschaftliche Nachrichten von einer Carlsbader Brunnenreise|Christian Wilhelm Kindleben|Kein Eintrag vorhanden|Seite(n)90-96|232|https://digital.slub-dresden.de/werkansicht/dlf/66140/102|026_1780_Freundschaftliche_Nachrichten_von_einer_Carlsbader_Brunnenreise|BSB München|https://reise.isgv.de/logs/Q109943996|male
27|1780|Emanuel Hartensteins, eines perigrinirenden Weltbürgers, Reise von Berlin über Rostock nach Dreßden|Kein Eintrag vorhanden|Kein Eintrag vorhanden|Seite(n)158-162|16|https://www.digitale-sammlungen.de/de/view/bsb11251733?page=162|027_1780_Emanuel_Hartensteins,_eines_perigrinirenden_Weltbürgers,_Reise_von_Berlin_über_Rostock_nach_Dreßden|ULB Halle|https://reise.isgv.de/logs/Q109944149|male
29|1782|Tagebuch einer gelehrten Reise 1750 durch einen Theil von Ober- und Nieder-Sachsen|Johann Carl Conrad Oelrichs|1750|Seite(n)14-30|452|https://digital.slub-dresden.de/werkansicht/dlf/79601/26|029_1782_Tagebuch_einer_gelehrten_Reise_1750_durch_einen_Theil_von_Ober-_und_Nieder-Sachsen|SLUB Dresden|https://reise.isgv.de/logs/Q109944040|male
30|1782|Tagebuch einer gelehrten Reise 1750 durch einen Theil von Ober- und Nieder-Sachsen|Georg Heinrich Hollenberg|Kein Eintrag vorhanden|Seite(n)13-14|255|https://digital.slub-dresden.de/werkansicht/dlf/79601/25|030_1782_Tagebuch_einer_gelehrten_Reise_1750_durch_einen_Theil_von_Ober-_und_Nieder-Sachsen|BSB München|https://reise.isgv.de/logs/Q109943990|male
31|1782|Bemerkungen über verschiedene Gegenstände auf einer Reise durch einige deutsche Provinzen|Wilhelm Gottlieb Becker|Kein Eintrag vorhanden|Seite(n)168-207|36|https://www.digitale-sammlungen.de/de/view/bsb10470130?page=188|031_1782_Bemerkungen_über_verschiedene_Gegenstände_auf_einer_Reise_durch_einige_deutsche_Provinzen|BSB München|https://reise.isgv.de/logs/Q109943918|male
32|1782|Reise von Dresden nach Teplitz in Böhmen|Kein Eintrag vorhanden|Kein Eintrag vorhanden|Seite(n)29|136|https://www.digitale-sammlungen.de/de/view/bsb10008768?page=41|032_1782_Reise_von_Dresden_nach_Teplitz_in_Böhmen|ULB Halle|https://reise.isgv.de/logs/Q109944151|male
34|1783|Herrn G. E. von R. Reise von Wien nach Böhmen und Sachsen, im May 1783|Kein Eintrag vorhanden|1783|Seite(n)312-313|38|https://digital.slub-dresden.de/werkansicht/dlf/79016/322|034_1783_Herrn_G._E._von_R._Reise_von_Wien_nach_Böhmen_und_Sachsen,_im_May_1783|SLUB Dresden|https://reise.isgv.de/logs/Q109944147|male
35|1783|Herrn G. E. von R. Reise von Wien nach Böhmen und Sachsen, im May 1783|Johann Kaspar Riesbeck|Kein Eintrag vorhanden|Seite(n)299-304|412|https://digital.slub-dresden.de/werkansicht/dlf/79016/309|035_1783_Herrn_G._E._von_R._Reise_von_Wien_nach_Böhmen_und_Sachsen,_im_May_1783|BSB München|https://reise.isgv.de/logs/Q109944061|male
36|1783|Briefe eines reisenden Franzosen über Deutschland. An seinen Bruder zu Paris|Christian Gottfried Klose|Kein Eintrag vorhanden|Seite(n)6-19|39|https://www.digitale-sammlungen.de/de/view/bsb10467957?page=6|036_1783_Briefe_eines_reisenden_Franzosen_über_Deutschland._An_seinen_Bruder_zu_Paris|BSB München|https://reise.isgv.de/logs/Q109943999|male
37|1783|Bemerkungen auf einer Reise durch die Lausitz und Sachsen|Christian Gottfried Klose|Kein Eintrag vorhanden|Seite(n)127-132|39|https://www.digitale-sammlungen.de/de/view/bsb10926840?page=137|037_1783_Bemerkungen_auf_einer_Reise_durch_die_Lausitz_und_Sachsen|BSB München|https://reise.isgv.de/logs/Q109943999|male
38|1783|Bemerkungen auf einer Reise durch die Lausitz und Sachsen|Gottfried Conrad Böttger|Kein Eintrag vorhanden|Seite(n)124|106|https://www.digitale-sammlungen.de/de/view/bsb10926840?page=134|038_1783_Bemerkungen_auf_einer_Reise_durch_die_Lausitz_und_Sachsen|Kein Eintrag vorhanden|https://reise.isgv.de/logs/Q109943924|male
45|1785|Eine Frühlingsreise über Halle, Leipzig und Altenburg nach Dresden im Jahre 1784|Jonas Apelblad|1755|Seite(n)372-373|366|https://www.digitale-sammlungen.de/de/view/bsb10614688?page=384|045_1785_Eine_Frühlingsreise_über_Halle,_Leipzig_und_Altenburg_nach_Dresden_im_Jahre_1784|SLUB Dresden|https://reise.isgv.de/logs/Q109943912|male
46|1785|Beschreibung seiner Reise durch Ober- und Nieder-Sachsen und Hessen|Kein Eintrag vorhanden|1783|Seite(n)111-139|236|https://digital.slub-dresden.de/werkansicht/dlf/55914/125|046_1785_Beschreibung_seiner_Reise_durch_Ober-_und_Nieder-Sachsen_und_Hessen|Kein Eintrag vorhanden|https://reise.isgv.de/logs/Q109944123|male
49|1786|Kleine Wanderungen durch Teutschland|Christian Gottfried Klose|Kein Eintrag vorhanden|Seite(n)142-220|156|https://www.digitale-sammlungen.de/de/view/bsb10468145?page=146|049_1786_Kleine_Wanderungen_durch_Teutschland|BSB München|https://reise.isgv.de/logs/Q109944000|male
50|1786|Briefe über Sachsen von einem Reisenden|Christian Gottfried Klose|Kein Eintrag vorhanden|Seite(n)59-68|156|https://www.digitale-sammlungen.de/de/view/bsb10466437?q=%28Briefe+%C3%BCber+Sachsen+von+einem+Reisenden%29&page=62,63|050_1786_Briefe_über_Sachsen_von_einem_Reisenden|BSB München|https://reise.isgv.de/logs/Q109944000|male
51|1786|Briefe über Sachsen von einem Reisenden|Christian Gottfried Klose|Kein Eintrag vorhanden|Seite(n)54-56|156|https://www.digitale-sammlungen.de/de/view/bsb10466437?q=%28Briefe+%C3%BCber+Sachsen+von+einem+Reisenden%29&page=58,59|051_1786_Briefe_über_Sachsen_von_einem_Reisenden|BSB München|https://reise.isgv.de/logs/Q109944000|male
52|1786|Briefe über Sachsen von einem Reisenden|Christian Gottfried Klose|Kein Eintrag vorhanden|Seite(n)52-53|156|https://www.digitale-sammlungen.de/de/view/bsb10466437?q=%28Briefe+%C3%BCber+Sachsen+von+einem+Reisenden%29&page=56,57|052_1786_Briefe_über_Sachsen_von_einem_Reisenden|BSB München|https://reise.isgv.de/logs/Q109944000|male
53|1786|Briefe über Sachsen von einem Reisenden|Christian Gottfried Klose|Kein Eintrag vorhanden|Seite(n)49-51|156|https://www.digitale-sammlungen.de/de/view/bsb10466437?q=%28Briefe+%C3%BCber+Sachsen+von+einem+Reisenden%29&page=52,53|053_1786_Briefe_über_Sachsen_von_einem_Reisenden|BSB München|https://reise.isgv.de/logs/Q109944000|male
54|1786|Briefe über Sachsen von einem Reisenden|Christian Gottfried Klose|Kein Eintrag vorhanden|Seite(n)47|156|https://www.digitale-sammlungen.de/de/view/bsb10466437?q=%28Briefe+%C3%BCber+Sachsen+von+einem+Reisenden%29&page=50,51|054_1786_Briefe_über_Sachsen_von_einem_Reisenden|BSB München|https://reise.isgv.de/logs/Q109944000|male
55|1786|Briefe über Sachsen von einem Reisenden|Christian Gottfried Klose|Kein Eintrag vorhanden|Seite(n)16-68|156|https://www.digitale-sammlungen.de/de/view/bsb10466437?q=%28Briefe+%C3%BCber+Sachsen+von+einem+Reisenden%29&page=20,21|055_1786_Briefe_über_Sachsen_von_einem_Reisenden|BSB München|https://reise.isgv.de/logs/Q109944000|male
56|1786|Briefe über Sachsen von einem Reisenden|Christian Gottlieb Schmidt|Kein Eintrag vorhanden|Seite(n)14-16|184|https://www.digitale-sammlungen.de/de/view/bsb10466437?q=%28Briefe+%C3%BCber+Sachsen+von+einem+Reisenden%29&page=18,19|056_1786_Briefe_über_Sachsen_von_einem_Reisenden|SLUB Dresden|https://reise.isgv.de/logs/Q109944069|male
57|1787|Briefe über Herrnhut und andere Orte der Oberlausitz|Gottfried von Rotenstein|1784|Seite(n)9-12|134|https://digital.slub-dresden.de/werkansicht/dlf/2424/29|057_1787_Briefe_über_Herrnhut_und_andere_Orte_der_Oberlausitz|SLUB Dresden|https://reise.isgv.de/logs/Q105102299|male
58|1787|Reise von Wien über Prag, Dresden und durch einen Theil der Lausitz nach Berlin und Potsdam|Gottfried von Rotenstein|1784|Seite(n)69-71|134|https://digital.slub-dresden.de/werkansicht/dlf/55644/83|058_1787_Reise_von_Wien_über_Prag,_Dresden_und_durch_einen_Theil_der_Lausitz_nach_Berlin_und_Potsdam|SLUB Dresden|https://reise.isgv.de/logs/Q105102299|male
59|1787|Reise von Wien über Prag, Dresden und durch einen Theil der Lausitz nach Berlin und Potsdam|Hester Thrale|Kein Eintrag vorhanden|Seite(n)13-49|413|https://digital.slub-dresden.de/werkansicht/dlf/55644/27|059_1787_Reise_von_Wien_über_Prag,_Dresden_und_durch_einen_Theil_der_Lausitz_nach_Berlin_und_Potsdam|BSB München|https://reise.isgv.de/logs/Q109944043|female
60|1789|Bemerkungen auf der Reise durch Frankreich, Italien und Deutschland|Johann Christoph Hornuff|Kein Eintrag vorhanden|Seite(n)350-374|192|https://www.digitale-sammlungen.de/de/view/bsb10467735?page=352|060_1789_Bemerkungen_auf_der_Reise_durch_Frankreich,_Italien_und_Deutschland|SLUB Dresden|https://reise.isgv.de/logs/Q109943992|male
61|1790|Bemerkungen auf einer Reise von Thorn durch Posen nach Sachsen|Johann Christoph Hornuff|Kein Eintrag vorhanden|Seite(n)142-144|192|https://digital.slub-dresden.de/werkansicht/dlf/1821/154|061_1790_Bemerkungen_auf_einer_Reise_von_Thorn_durch_Posen_nach_Sachsen|SLUB Dresden|https://reise.isgv.de/logs/Q109943992|male
62|1790|Bemerkungen auf einer Reise von Thorn durch Posen nach Sachsen|Johann Christoph Hornuff|Kein Eintrag vorhanden|Seite(n)106-122|192|https://digital.slub-dresden.de/werkansicht/dlf/1821/118|062_1790_Bemerkungen_auf_einer_Reise_von_Thorn_durch_Posen_nach_Sachsen|SLUB Dresden|https://reise.isgv.de/logs/Q109943992|male
63|1790|Bemerkungen auf einer Reise von Thorn durch Posen nach Sachsen|Sophie Schwarz|Kein Eintrag vorhanden|Seite(n)83-104|175|https://digital.slub-dresden.de/werkansicht/dlf/1821/95|063_1790_Bemerkungen_auf_einer_Reise_von_Thorn_durch_Posen_nach_Sachsen|BSB München|https://reise.isgv.de/logs/Q109944081|female
64|1791|Briefe einer Curländerinn auf einer Reise durch Deutschland|Sophie Schwarz|Kein Eintrag vorhanden|Seite(n)81|175|https://www.digitale-sammlungen.de/de/view/bsb00075073?q=%28briefe+einer+curl%C3%A4nderinn%29&page=82,83|064_1791_Briefe_einer_Curländerinn_auf_einer_Reise_durch_Deutschland|BSB München|https://reise.isgv.de/logs/Q109944081|female
65|1791|Briefe einer Curländerinn auf einer Reise durch Deutschland|Sophie Schwarz|Kein Eintrag vorhanden|Seite(n)166|175|https://www.digitale-sammlungen.de/de/view/bsb00075072?q=%28Briefe+einer+Curl%C3%A4nderinn+Auf+einer+Reise+durch+Deutschland,+Zwei+Theile,+Bd.%3A%29&page=178,179|065_1791_Briefe_einer_Curländerinn_auf_einer_Reise_durch_Deutschland|BSB München|https://reise.isgv.de/logs/Q109944081|female
66|1791|Briefe einer Curländerinn auf einer Reise durch Deutschland|Sophie Schwarz|Kein Eintrag vorhanden|Seite(n)107-115|175|https://www.digitale-sammlungen.de/de/view/bsb00075072?q=%28Briefe+einer+Curl%C3%A4nderinn+Auf+einer+Reise+durch+Deutschland,+Zwei+Theile,+Bd.%3A%29&page=118,119|066_1791_Briefe_einer_Curländerinn_auf_einer_Reise_durch_Deutschland|BSB München|https://reise.isgv.de/logs/Q109944081|female
67|1791|Briefe einer Curländerinn auf einer Reise durch Deutschland|Sophie Schwarz|Kein Eintrag vorhanden|Seite(n)71-75|175|https://www.digitale-sammlungen.de/de/view/bsb00075072?q=%28Briefe+einer+Curl%C3%A4nderinn+Auf+einer+Reise+durch+Deutschland,+Zwei+Theile,+Bd.%3A%29&page=82,83|067_1791_Briefe_einer_Curländerinn_auf_einer_Reise_durch_Deutschland|BSB München|https://reise.isgv.de/logs/Q109944081|female
68|1791|Briefe einer Curländerinn auf einer Reise durch Deutschland|Gottfried von Rotenstein|1784 bis 1791|Seite(n)62-66|266|https://www.digitale-sammlungen.de/de/view/bsb00075072?q=%28Briefe+einer+Curl%C3%A4nderinn+Auf+einer+Reise+durch+Deutschland,+Zwei+Theile,+Bd.%3A%29&page=74,75|068_1791_Briefe_einer_Curländerinn_auf_einer_Reise_durch_Deutschland|Kein Eintrag vorhanden|https://reise.isgv.de/logs/Q109944063|male
72|1793|Briefe eines reisenden Dänen. Geschrieben im Jahre 1791 und 1792 während seiner Reise durch einen Theil Deutschlands, der Schweiz und Frankreichs|Frederik Sneedorff|1791 bis 1792|Seite(n)62-63|360|https://www.digitale-sammlungen.de/de/view/bsb10468214?page=70|072_1793_Briefe_eines_reisenden_Dänen._Geschrieben_im_Jahre_1791_und_1792_während_seiner_Reise_durch_einen_Th|BSB München|https://reise.isgv.de/logs/Q109944088|male
73|1793|Briefe eines reisenden Dänen. Geschrieben im Jahre 1791 und 1792 während seiner Reise durch einen Theil Deutschlands, der Schweiz und Frankreichs|Frederik Sneedorff|1791 bis 1792|Seite(n)58-60|360|https://www.digitale-sammlungen.de/de/view/bsb10468214?page=66|073_1793_Briefe_eines_reisenden_Dänen._Geschrieben_im_Jahre_1791_und_1792_während_seiner_Reise_durch_einen_Th|BSB München|https://reise.isgv.de/logs/Q109944088|male
74|1793|Briefe eines reisenden Dänen. Geschrieben im Jahre 1791 und 1792 während seiner Reise durch einen Theil Deutschlands, der Schweiz und Frankreichs|Karl Martin Plümicke|1791|Seite(n)30|444|https://www.digitale-sammlungen.de/de/view/bsb10468214?page=38|074_1793_Briefe_eines_reisenden_Dänen._Geschrieben_im_Jahre_1791_und_1792_während_seiner_Reise_durch_einen_Th|BSB München|https://reise.isgv.de/logs/Q109944045|male
75|1793|Briefe auf einer Reise durch Deutschland im Jahre 1791|Karl Martin Plümicke|1791|Seite(n)197-201|444|https://www.digitale-sammlungen.de/de/view/bsb11095835?page=215|075_1793_Briefe_auf_einer_Reise_durch_Deutschland_im_Jahre_1791|BSB München|https://reise.isgv.de/logs/Q109944045|male
76|1793|Briefe auf einer Reise durch Deutschland im Jahre 1791|Karl Gottlob Köhler|Kein Eintrag vorhanden|Seite(n)154-197|259|https://www.digitale-sammlungen.de/de/view/bsb11095835?page=172|076_1793_Briefe_auf_einer_Reise_durch_Deutschland_im_Jahre_1791|Kein Eintrag vorhanden|https://reise.isgv.de/logs/Q109944002|male
80|1794|Reise in Deutschland, der Schweiz, Italien und Sicilien|Kein Eintrag vorhanden|Kein Eintrag vorhanden|Seite(n)398|435|https://www.digitale-sammlungen.de/de/view/bsb10468286?page=402|080_1794_Reise_in_Deutschland,_der_Schweiz,_Italien_und_Sicilien|SLUB Dresden|https://reise.isgv.de/logs/Q109944170|male
81|1795|Kleine Wanderungen durch Sachsen und Brandenburg|Kein Eintrag vorhanden|Kein Eintrag vorhanden|Seite(n)66-102|435|https://digital.slub-dresden.de/werkansicht/dlf/69234/82|081_1795_Kleine_Wanderungen_durch_Sachsen_und_Brandenburg|SLUB Dresden|https://reise.isgv.de/logs/Q109944170|male
82|1795|Kleine Wanderungen durch Sachsen und Brandenburg|Joachim Christoph Friedrich Schulz|Kein Eintrag vorhanden|Seite(n)23-48|1400|https://digital.slub-dresden.de/werkansicht/dlf/69234/39|082_1795_Kleine_Wanderungen_durch_Sachsen_und_Brandenburg|BBAW|https://reise.isgv.de/logs/Q109944078|male
87|1795|Hans Kiekindiewelts Reisen in alle vier Weltteile und andere Schriften|Georg Friedrich Rebmann|Kein Eintrag vorhanden|Seite(n)166-229|254|https://digital.slub-dresden.de/werkansicht/dlf/55979/172|087_1795_Hans_Kiekindiewelts_Reisen_in_alle_vier_Weltteile_und_andere_Schriften|SLUB Dresden|https://reise.isgv.de/logs/Q109944053|male
88|1795|Hans Kiekindiewelts Reisen in alle vier Weltteile und andere Schriften|Georg Friedrich Rebmann|Kein Eintrag vorhanden|Seite(n)130-166|254|https://digital.slub-dresden.de/werkansicht/dlf/55979/136|088_1795_Hans_Kiekindiewelts_Reisen_in_alle_vier_Weltteile_und_andere_Schriften|SLUB Dresden|https://reise.isgv.de/logs/Q109944053|male
90|1795|Wanderungen und Kreuzzüge durch einen Theil Deutschlands|Georg Friedrich Rebmann|Kein Eintrag vorhanden|Seite(n)176-266|270|https://www.digitale-sammlungen.de/de/view/bsb10469118?page=176|090_1795_Wanderungen_und_Kreuzzüge_durch_einen_Theil_Deutschlands|BSB München|https://reise.isgv.de/logs/Q109944052|male
91|1795|Wanderungen und Kreuzzüge durch einen Theil Deutschlands|Georg Friedrich Rebmann|Kein Eintrag vorhanden|Seite(n)141-169|270|https://www.digitale-sammlungen.de/de/view/bsb10469118?page=141|091_1795_Wanderungen_und_Kreuzzüge_durch_einen_Theil_Deutschlands|BSB München|https://reise.isgv.de/logs/Q109944052|male
92|1795|Wanderungen und Kreuzzüge durch einen Theil Deutschlands|Emanuel Bozenhard|1793|Seite(n)138-141|184|https://www.digitale-sammlungen.de/de/view/bsb10469118?page=138|092_1795_Wanderungen_und_Kreuzzüge_durch_einen_Theil_Deutschlands|BSB München|https://reise.isgv.de/logs/Q109943926|male
93|1795|Bemerkungen auf einer Reise von Kopenhagen nach Wien im Jahr 1793|Christian Weiß|1796 bis 1797|Seite(n)54-66|271|https://www.digitale-sammlungen.de/de/view/bsb10468856?page=58|093_1795_Bemerkungen_auf_einer_Reise_von_Kopenhagen_nach_Wien_im_Jahr_1793|ULB Münster|https://reise.isgv.de/logs/Q109944107|male
95|1796|Reisen durch Deutschland, Frankreich, England und Holland in verschiedener, besonders politischer Hinsicht|Andreas Riem|1785 bis 1798|Seite(n)207-214|286|https://www.digitale-sammlungen.de/de/view/bsb11249684?page=213|095_1796_Reisen_durch_Deutschland,_Frankreich,_England_und_Holland_in_verschiedener,_besonders_politischer_Hi|BSB München|https://reise.isgv.de/logs/Q109944060|male
96|1796|Reisen durch Deutschland, Frankreich, England und Holland in verschiedener, besonders politischer Hinsicht|Carl Gottlob Küttner|1793 bis 1794|Seite(n)154-155|572|https://www.digitale-sammlungen.de/de/view/bsb11249684?page=160|096_1796_Reisen_durch_Deutschland,_Frankreich,_England_und_Holland_in_verschiedener,_besonders_politischer_Hi|BSB München|https://reise.isgv.de/logs/Q109944009|male
97|1796|Wanderungen durch die Niederlande, Deutschland, die Schweiz und Italien 1793 und 1794|Kein Eintrag vorhanden|Kein Eintrag vorhanden|Seite(n)499-502|316|https://www.digitale-sammlungen.de/de/view/bsb10467215?page=519|097_1796_Wanderungen_durch_die_Niederlande,_Deutschland,_die_Schweiz_und_Italien_1793_und_1794|BSB München|https://reise.isgv.de/logs/Q109944161|male
98|1797|Reisen und merkwürdige Nachrichten zweier Neufranken durch Deutschland, Rußland, Polen und die Oesterreichischen Staaten während des jetzigen wichtigen Krieges|Friedrich Philipp Wilmsen|1796|Seite(n)30-53|376|https://www.digitale-sammlungen.de/de/view/bsb10469984?page=36|098_1797_Reisen_und_merkwürdige_Nachrichten_zweier_Neufranken_durch_Deutschland,_Rußland,_Polen_und_die_Oeste|BSB München|https://reise.isgv.de/logs/Q109944115|male
99|1798|Erzählungen von einer Reise durch einen großen Theil Deutschlands und der Schweiz, im Jahre 1796|Friedrich Philipp Wilmsen|1796|Seite(n)54-67|376|https://www.digitale-sammlungen.de/de/view/bsb11095854?page=68|099_1798_Erzählungen_von_einer_Reise_durch_einen_großen_Theil_Deutschlands_und_der_Schweiz,_im_Jahre_1796|BSB München|https://reise.isgv.de/logs/Q109944115|male
100|1798|Erzählungen von einer Reise durch einen großen Theil Deutschlands und der Schweiz, im Jahre 1796|Carl Friedrich Wilhelm August Vater|1798|Seite(n)17-44|39|https://www.digitale-sammlungen.de/de/view/bsb11095854?page=31|100_1798_Erzählungen_von_einer_Reise_durch_einen_großen_Theil_Deutschlands_und_der_Schweiz,_im_Jahre_1796|SLUB Dresden|https://reise.isgv.de/logs/Q109944103|male
101|1798|Meine Reise in das Sächsische Erzgebirge im Monath August 1798|Carl Friedrich Wilhelm August Vater|1798|Seite(n)36|39|https://digital.slub-dresden.de/werkansicht/dlf/78092/40|101_1798_Meine_Reise_in_das_Sächsische_Erzgebirge_im_Monath_August_1798|SLUB Dresden|https://reise.isgv.de/logs/Q109944103|male
102|1798|Meine Reise in das Sächsische Erzgebirge im Monath August 1798|Jacob Pickhart|Kein Eintrag vorhanden|Seite(n)10-11|414|https://digital.slub-dresden.de/werkansicht/dlf/78092/14|102_1798_Meine_Reise_in_das_Sächsische_Erzgebirge_im_Monath_August_1798|Kein Eintrag vorhanden|https://reise.isgv.de/logs/Q109944042|male
104|1798|Reisen nach und in der Oberlausitz|Gottfried Benjamin Meissner|1795|Seite(n)239|258|https://www.digitale-sammlungen.de/de/view/bsb11095838?page=383|104_1798_Reisen_nach_und_in_der_Oberlausitz|BSB München|https://reise.isgv.de/logs/Q109944032|male
105|1798|Reisen nach und in der Oberlausitz|Gottfried Benjamin Meissner|1795|Seite(n)12-16|258|https://www.digitale-sammlungen.de/de/view/bsb11095838?page=150|105_1798_Reisen_nach_und_in_der_Oberlausitz|SLUB Dresden|https://reise.isgv.de/logs/Q109944031|male
106|1798|Gemälde über die Ober-Lausitz. Gesammelt auf einer kleinen Fußreise|Gottfried Benjamin Meissner|1795|Seite(n)239|258|https://digital.slub-dresden.de/werkansicht/dlf/77508/247|106_1798_Gemälde_über_die_Ober-Lausitz._Gesammelt_auf_einer_kleinen_Fußreise|SLUB Dresden|https://reise.isgv.de/logs/Q109944031|male
107|1798|Gemälde über die Ober-Lausitz. Gesammelt auf einer kleinen Fußreise|Gottfried Benjamin Meissner|Kein Eintrag vorhanden|Seite(n)12-21|48|https://digital.slub-dresden.de/werkansicht/dlf/77508/20|107_1798_Gemälde_über_die_Ober-Lausitz._Gesammelt_auf_einer_kleinen_Fußreise|BSB München|https://reise.isgv.de/logs/Q109944030|male
108|1798|Fußreise von Dresden nach den zwei verfallenen Bergschlössern, die Rathen, und die dortige Gegend|Gottfried Benjamin Meissner|Kein Eintrag vorhanden|Seite(n)47-50|42|https://www.digitale-sammlungen.de/de/view/bsb11095838?page=69|108_1798_Fußreise_von_Dresden_nach_den_zwei_verfallenen_Bergschlössern,_die_Rathen,_und_die_dortige_Gegend|BSB München|https://reise.isgv.de/logs/Q109944029|male
109|1798|Eine kleine Fußreise von Dresden nach Pirna. An Herrn J. Hermsdorf in Görlitz|Gottfried Benjamin Meissner|Kein Eintrag vorhanden|Seite(n)30-31|42|https://www.digitale-sammlungen.de/de/view/bsb11095838?page=168|109_1798_Eine_kleine_Fußreise_von_Dresden_nach_Pirna._An_Herrn_J._Hermsdorf_in_Görlitz|BSB München|https://reise.isgv.de/logs/Q109944029|male
110|1798|Eine kleine Fußreise von Dresden nach Pirna. An Herrn J. Hermsdorf in Görlitz|Kein Eintrag vorhanden|Kein Eintrag vorhanden|Seite(n)5-7|218|https://www.digitale-sammlungen.de/de/view/bsb11095838?page=27|110_1798_Eine_kleine_Fußreise_von_Dresden_nach_Pirna._An_Herrn_J._Hermsdorf_in_Görlitz|SLUB Dresden|https://reise.isgv.de/logs/Q109944122|male
111|1799|Neue Ansicht von Dresden. Für Reisende von einem Reisenden|Nikolai Michailowitsch Karamsin|Kein Eintrag vorhanden|Seite(n)2-218|216|https://digital.slub-dresden.de/werkansicht/dlf/80669/10|111_1799_Neue_Ansicht_von_Dresden._Für_Reisende_von_einem_Reisenden|BSB München|https://reise.isgv.de/logs/Q109943994|male
112|1799|Briefe eines reisenden Russen|Johann Christoph Friedrich GutsMuths|Kein Eintrag vorhanden|Seite(n)192-216|260|https://www.digitale-sammlungen.de/de/view/bsb10470042?page=222|112_1799_Briefe_eines_reisenden_Russen|SLUB Dresden|https://reise.isgv.de/logs/Q109943978|male
113|1799|Meine Reise im deutschen Vaterlande, aus Thüringen ins Riesengebürge zu den Elbquellen und durch Böhmen ins Erzgebürge|Johann Christoph Friedrich GutsMuths|Kein Eintrag vorhanden|Seite(n)51-78|260|https://digital.slub-dresden.de/werkansicht/dlf/90361/63|113_1799_Meine_Reise_im_deutschen_Vaterlande,_aus_Thüringen_ins_Riesengebürge_zu_den_Elbquellen_und_durch_Böh|SLUB Dresden|https://reise.isgv.de/logs/Q109943978|male
114|1799|Meine Reise im deutschen Vaterlande, aus Thüringen ins Riesengebürge zu den Elbquellen und durch Böhmen ins Erzgebürge|Johann Christoph Friedrich GutsMuths|Kein Eintrag vorhanden|Seite(n)44-46|260|https://digital.slub-dresden.de/werkansicht/dlf/90361/56|114_1799_Meine_Reise_im_deutschen_Vaterlande,_aus_Thüringen_ins_Riesengebürge_zu_den_Elbquellen_und_durch_Böh|SLUB Dresden|https://reise.isgv.de/logs/Q109943978|male
115|1799|Meine Reise im deutschen Vaterlande, aus Thüringen ins Riesengebürge zu den Elbquellen und durch Böhmen ins Erzgebürge|Esther Domeier|Kein Eintrag vorhanden|Seite(n)28-38|21|https://digital.slub-dresden.de/werkansicht/dlf/90361/40|115_1799_Meine_Reise_im_deutschen_Vaterlande,_aus_Thüringen_ins_Riesengebürge_zu_den_Elbquellen_und_durch_Böh|UB Bielefeld|https://reise.isgv.de/logs/Q109943940|female
119|1801|Schönheiten der Natur und Kunst dargestellt auf einer Reise durch einen Theil der Sächsischen Staaten|Kein Eintrag vorhanden|Kein Eintrag vorhanden|Seite(n)624-634|642|https://digital.slub-dresden.de/werkansicht/dlf/93539/529|119_1801_Schönheiten_der_Natur_und_Kunst_dargestellt_auf_einer_Reise_durch_einen_Theil_der_Sächsischen_Staate|SLUB Dresden|https://reise.isgv.de/logs/Q109944163|male
120|1801|Schönheiten der Natur und Kunst dargestellt auf einer Reise durch einen Theil der Sächsischen Staaten|Kein Eintrag vorhanden|Kein Eintrag vorhanden|Seite(n)521-621|642|https://digital.slub-dresden.de/werkansicht/?id=5363&tx_dlf%5Bid%5D=93539&tx_dlf%5Bpage%5D=456|120_1801_Schönheiten_der_Natur_und_Kunst_dargestellt_auf_einer_Reise_durch_einen_Theil_der_Sächsischen_Staate|SLUB Dresden|https://reise.isgv.de/logs/Q109944163|male
121|1801|Schönheiten der Natur und Kunst dargestellt auf einer Reise durch einen Theil der Sächsischen Staaten|Kein Eintrag vorhanden|Kein Eintrag vorhanden|Seite(n)448-510|642|https://digital.slub-dresden.de/werkansicht/?id=5363&tx_dlf%5Bid%5D=93539&tx_dlf%5Bpage%5D=318|121_1801_Schönheiten_der_Natur_und_Kunst_dargestellt_auf_einer_Reise_durch_einen_Theil_der_Sächsischen_Staate|SLUB Dresden|https://reise.isgv.de/logs/Q109944163|male
122|1801|Schönheiten der Natur und Kunst dargestellt auf einer Reise durch einen Theil der Sächsischen Staaten|Carl Gottlob Küttner|1797 bis 1799|Seite(n)310-390|1671|https://www.digitale-sammlungen.de/de/view/bsb10467220?page=318|122_1801_Schönheiten_der_Natur_und_Kunst_dargestellt_auf_einer_Reise_durch_einen_Theil_der_Sächsischen_Staate|BSB München|https://reise.isgv.de/logs/Q109944008|male
123|1801|Reise durch Deutschland, Dänemark, Schweden, Norwegen und einen Theil von Italien, in den Jahren 1797, 1798, 1799|Carl Gottlob Küttner|1797 bis 1799|Seite(n)294-298|1671|https://www.digitale-sammlungen.de/de/view/bsb10467220?page=280|123_1801_Reise_durch_Deutschland,_Dänemark,_Schweden,_Norwegen_und_einen_Theil_von_Italien,_in_den_Jahren_179|BSB München|https://reise.isgv.de/logs/Q109944008|male
128|1801|Meine Freuden in Sachsen|Johann Gottfried Seume|Kein Eintrag vorhanden|Seite(n)76-78|491|https://www.digitale-sammlungen.de/de/view/bsb10468177?page=25|128_1801_Meine_Freuden_in_Sachsen|BSB München|https://reise.isgv.de/logs/Q109944085|male
129|1803|Spaziergang nach Syrakus|Lüder Hermann Hans von Engel|Kein Eintrag vorhanden|Seite(n)3-10|232|https://digital.slub-dresden.de/werkansicht/dlf/94391/47|129_1803_Spaziergang_nach_Syrakus|SLUB Dresden|https://reise.isgv.de/logs/Q109943948|male
138|1805|Fußreise durch Sachsen und dessen romantische Schweizergegenden, einen Theil der Anhaltschen, Brandenburg und Braunschweigschen Lande nach Hannover|Georg Reinbeck|Kein Eintrag vorhanden|Seite(n)25-28|324|https://www.digitale-sammlungen.de/de/view/bsb10467875?page=320|138_1805_Fußreise_durch_Sachsen_und_dessen_romantische_Schweizergegenden,_einen_Theil_der_Anhaltschen,_Brande|BSB München|https://reise.isgv.de/logs/Q109944058|male
144|1807|Beobachtungen und Fantasien auf einer Reise durch Sachsen und Brandenburg im Herbst 1802|Carl Theodor Baron von Uklanski|1807 bis 1808|Seite(n)191-193|386|https://www.digitale-sammlungen.de/de/view/bsb10468464?page=285|144_1807_Beobachtungen_und_Fantasien_auf_einer_Reise_durch_Sachsen_und_Brandenburg_im_Herbst_1802|BSB München|https://reise.isgv.de/logs/Q109944102|male
145|1808|Briefe über Polen, Österreich, Sachsen, Bayern, Italien, Etrurien, den Kirchenstaat und Neapel, an die Comtesse Constance de S.|Joseph Röckl|1805|Seite(n)277-295|406|https://www.digitale-sammlungen.de/de/view/bsb10724489?page=144|145_1808_Briefe_über_Polen,_Österreich,_Sachsen,_Bayern,_Italien,_Etrurien,_den_Kirchenstaat_und_Neapel,_an_d|BSB München|https://reise.isgv.de/logs/Q109944062|male
149|1808|Reise durch Schottland, seine Inseln, Dänemark und einen Theil von Deutschland|Johann Gebhard Maaß|1807|Seite(n)210-219|206|https://digital.slub-dresden.de/werkansicht/dlf/101035/80|149_1808_Reise_durch_Schottland,_seine_Inseln,_Dänemark_und_einen_Theil_von_Deutschland|SLUB Dresden|https://reise.isgv.de/logs/Q109944022|male
150|1808|Bemerkungen auf einer Reise von Wittenberg nach Dresden, Pirna u.s.w. im Sommer 1807|Johann Gebhard Maaß|1807|Seite(n)70|206|https://digital.slub-dresden.de/werkansicht/dlf/101035/57|150_1808_Bemerkungen_auf_einer_Reise_von_Wittenberg_nach_Dresden,_Pirna_u.s.w._im_Sommer_1807|SLUB Dresden|https://reise.isgv.de/logs/Q109944022|male
151|1808|Bemerkungen auf einer Reise von Wittenberg nach Dresden, Pirna u.s.w. im Sommer 1807|Johann Gebhard Maaß|1807|Seite(n)47-57|206|https://digital.slub-dresden.de/werkansicht/dlf/101035/33|151_1808_Bemerkungen_auf_einer_Reise_von_Wittenberg_nach_Dresden,_Pirna_u.s.w._im_Sommer_1807|SLUB Dresden|https://reise.isgv.de/logs/Q109944022|male
152|1808|Bemerkungen auf einer Reise von Wittenberg nach Dresden, Pirna u.s.w. im Sommer 1807|Johann Gebhard Maaß|1807|Seite(n)23-27|206|https://digital.slub-dresden.de/werkansicht/dlf/101035/27|152_1808_Bemerkungen_auf_einer_Reise_von_Wittenberg_nach_Dresden,_Pirna_u.s.w._im_Sommer_1807|SLUB Dresden|https://reise.isgv.de/logs/Q109944022|male
153|1808|Bemerkungen auf einer Reise von Wittenberg nach Dresden, Pirna u.s.w. im Sommer 1807|Johann Gebhard Maaß|1806 bis 1807|Seite(n)17-18|368|https://digital.slub-dresden.de/werkansicht/dlf/101044/368|153_1808_Bemerkungen_auf_einer_Reise_von_Wittenberg_nach_Dresden,_Pirna_u.s.w._im_Sommer_1807|SLUB Dresden|https://reise.isgv.de/logs/Q109944021|male
154|1808|Bemerkungen auf meiner Reise von Wittenberg aus durch einen Theil des Wittenbergischen Kreises, die Nieder- und Oberlausitz und einen Theil des Meißnischen Kreises|Johann Gebhard Maaß|1806 bis 1807|Seite(n)318-323|368|https://digital.slub-dresden.de/werkansicht/dlf/101044/333|154_1808_Bemerkungen_auf_meiner_Reise_von_Wittenberg_aus_durch_einen_Theil_des_Wittenbergischen_Kreises,_die_|SLUB Dresden|https://reise.isgv.de/logs/Q109944021|male
155|1808|Bemerkungen auf meiner Reise von Wittenberg aus durch einen Theil des Wittenbergischen Kreises, die Nieder- und Oberlausitz und einen Theil des Meißnischen Kreises|Gottlieb Hiller|Kein Eintrag vorhanden|Seite(n)283-306|348|https://www.digitale-sammlungen.de/de/view/bsb11095837?page=74|155_1808_Bemerkungen_auf_meiner_Reise_von_Wittenberg_aus_durch_einen_Theil_des_Wittenbergischen_Kreises,_die_|BSB München|https://reise.isgv.de/logs/Q109943988|male
156|1808|Gedichte und Selbstbiographie, Teil 2: Reise durch einen Theil von Sachsen, Böhmen, Oesterreich und Ungarn|Johann Christian Fick|Kein Eintrag vorhanden|Seite(n)52-77|522|https://www.digitale-sammlungen.de/de/view/bsb10469652?page=430|156_1808_Gedichte_und_Selbstbiographie,_Teil_2_Reise_durch_einen_Theil_von_Sachsen,_Böhmen,_Oesterreich_und_U|BSB München|https://reise.isgv.de/logs/Q109943953|male
157|1809|Neues Handbuch für Reisende jeder Gattung durch Deutschland und die angränzenden Länder|Johann Christian Fick|Kein Eintrag vorhanden|Seite(n)382-384|522|https://www.digitale-sammlungen.de/de/view/bsb10469652?page=362|157_1809_Neues_Handbuch_für_Reisende_jeder_Gattung_durch_Deutschland_und_die_angränzenden_Länder|BSB München|https://reise.isgv.de/logs/Q109943953|male
158|1809|Neues Handbuch für Reisende jeder Gattung durch Deutschland und die angränzenden Länder|Johann Christian Fick|Kein Eintrag vorhanden|Seite(n)314|522|https://www.digitale-sammlungen.de/de/view/bsb10469652?page=360|158_1809_Neues_Handbuch_für_Reisende_jeder_Gattung_durch_Deutschland_und_die_angränzenden_Länder|BSB München|https://reise.isgv.de/logs/Q109943953|male
159|1809|Neues Handbuch für Reisende jeder Gattung durch Deutschland und die angränzenden Länder|Johann Christian Fick|Kein Eintrag vorhanden|Seite(n)312-313|522|https://www.digitale-sammlungen.de/de/view/bsb10469652?page=355|159_1809_Neues_Handbuch_für_Reisende_jeder_Gattung_durch_Deutschland_und_die_angränzenden_Länder|BSB München|https://reise.isgv.de/logs/Q109943953|male
160|1809|Neues Handbuch für Reisende jeder Gattung durch Deutschland und die angränzenden Länder|Johann Christian Fick|Kein Eintrag vorhanden|Seite(n)307-312|522|https://www.digitale-sammlungen.de/de/view/bsb10469652?page=136|160_1809_Neues_Handbuch_für_Reisende_jeder_Gattung_durch_Deutschland_und_die_angränzenden_Länder|BSB München|https://reise.isgv.de/logs/Q109943953|male
161|1809|Neues Handbuch für Reisende jeder Gattung durch Deutschland und die angränzenden Länder|Johann Christian Fick|Kein Eintrag vorhanden|Seite(n)88-91|522|https://www.digitale-sammlungen.de/de/view/bsb10469652?page=75|161_1809_Neues_Handbuch_für_Reisende_jeder_Gattung_durch_Deutschland_und_die_angränzenden_Länder|BSB München|https://reise.isgv.de/logs/Q109943953|male
167|1810|Meine Fußreisen im Jahre 1809 zur Zeit des österreichischen Krieges|Christian von Eggers|Kein Eintrag vorhanden|Seite(n)166-193|500|https://digital.slub-dresden.de/werkansicht/dlf/13943/418|167_1810_Meine_Fußreisen_im_Jahre_1809_zur_Zeit_des_österreichischen_Krieges|SLUB Dresden|https://reise.isgv.de/logs/Q109943946|male
168|1810|Reise durch Franken Baiern, Oesterreich, Preußen und Sachsen|Johann Friedrich Raupach|1809 bis 1810|Seite(n)410-433|429|https://www.digitale-sammlungen.de/de/view/bsb10469992?page=18|168_1810_Reise_durch_Franken_Baiern,_Oesterreich,_Preußen_und_Sachsen|BSB München|https://reise.isgv.de/logs/Q109944051|male
169|1811|Durchflug eines Humoristen durch Deutschland, die Schweitz und das südliche Franckreich|Peter Treschow Hanson|Kein Eintrag vorhanden|Seite(n)14-15|314|https://digital.slub-dresden.de/werkansicht/dlf/99374/141|169_1811_Durchflug_eines_Humoristen_durch_Deutschland,_die_Schweitz_und_das_südliche_Franckreich|SLUB Dresden|https://reise.isgv.de/logs/Q109943981|male
176|1816|Vier Erholungs-Wochen oder Reise durch die neupreussischen Markgrafthümer, Nieder- und Oberlausitz|Pauline Dorothea Frisch|1797 bis 1804|Seite(n)208-226|403|https://www.digitale-sammlungen.de/de/view/bsb10469982?page=403|176_1816_Vier_Erholungs-Wochen_oder_Reise_durch_die_neupreussischen_Markgrafthümer,_Nieder-_und_Oberlausitz|BSB München|https://reise.isgv.de/logs/Q109943968|female
177|1816|Reise durch Teutschland, Holland und Frankreich, die Schweiz und Italien in den Jahren 1797, 1803 und 1804|Pauline Dorothea Frisch|1797 bis 1804|Seite(n)399-400|403|https://www.digitale-sammlungen.de/de/view/bsb10469982?page=401|177_1816_Reise_durch_Teutschland,_Holland_und_Frankreich,_die_Schweiz_und_Italien_in_den_Jahren_1797,_1803_un|BSB München|https://reise.isgv.de/logs/Q109943968|female
182|1816|Auszüge aus der Brieftasche eines Rheinländers, seinen Durchflug durch Sachsen betreffend|Karl Heinrich von Lang|Kein Eintrag vorhanden|Seite(n)762-765|87|https://www.digitale-sammlungen.de/de/view/bsb10946792?q=%28Merkw%C3%BCrdige+Reise+%C3%BCber+Erlangen,+Dre%C3%9Fden,+Kassel+und+Fulda+nach+Hammelburg%29&page=32,33|182_1816_Auszüge_aus_der_Brieftasche_eines_Rheinländers,_seinen_Durchflug_durch_Sachsen_betreffend|BSB München|https://reise.isgv.de/logs/Q109944010|male
183|1817|Merkwürdige Reise über Erlangen, Dreßden, Kassel und Fulda nach Hammelburg|Johann Gebhard Maaß|1818|Seite(n)29-31|188|https://digital.slub-dresden.de/werkansicht/dlf/95118/170|183_1817_Merkwürdige_Reise_über_Erlangen,_Dreßden,_Kassel_und_Fulda_nach_Hammelburg|SLUB Dresden|https://reise.isgv.de/logs/Q109944025|male
184|1819|Beobachtungen bey meinem Aufenthalt in der Oberlausitz und auf einer Reise über Dresden nach Wittenberg im Jahre 1818|Johann Gebhard Maaß|1818|Seite(n)148-149|188|https://digital.slub-dresden.de/werkansicht/?id=5363&tx_dlf%5Bid%5D=95118&tx_dlf%5Bpage%5D=94|184_1819_Beobachtungen_bey_meinem_Aufenthalt_in_der_Oberlausitz_und_auf_einer_Reise_über_Dresden_nach_Wittenb|SLUB Dresden|https://reise.isgv.de/logs/Q109944025|male
185|1819|Beobachtungen bey meinem Aufenthalt in der Oberlausitz und auf einer Reise über Dresden nach Wittenberg im Jahre 1818|Johann Gebhard Maaß|1818|Seite(n)72-74|188|https://digital.slub-dresden.de/werkansicht/dlf/95118/80|185_1819_Beobachtungen_bey_meinem_Aufenthalt_in_der_Oberlausitz_und_auf_einer_Reise_über_Dresden_nach_Wittenb|SLUB Dresden|https://reise.isgv.de/logs/Q109944025|male
190|1820|Reisen durch einige Theile von Deutschland, Polen, der Moldau und der Türkei. Ester Theil|Ernst Heinrich Zober|Kein Eintrag vorhanden|Seite(n)83-88|331|https://www.digitale-sammlungen.de/de/view/bsb11246750?page=264|190_1820_Reisen_durch_einige_Theile_von_Deutschland,_Polen,_der_Moldau_und_der_Türkei._Ester_Theil|BSB München|https://reise.isgv.de/logs/Q109944121|male
191|1822|Der deutsche Wanderer|Wilhelm Christian Müller|1820 bis 1821|Seite(n)232-236|490|https://www.digitale-sammlungen.de/de/view/bsb10467599?page=33|191_1822_Der_deutsche_Wanderer|BSB München|https://reise.isgv.de/logs/Q109590352|male
192|1824|Briefe an deutsche Freunde von einer Reise durch Italien über Sachsen, Böhmen, und Oestreich, 1820 und 1821 geschrieben und als Skizzen zum Gemälde unserer Zeit herausgegeben.|Wilhelm Ferdinand Bischoff|1822 bis 1823|Seite(n)11-13|243|https://www.digitale-sammlungen.de/de/view/bsb10467599?page=33|192_1824_Briefe_an_deutsche_Freunde_von_einer_Reise_durch_Italien_über_Sachsen,_Böhmen,_und_Oestreich,_1820_u|SLUB Dresden|https://reise.isgv.de/logs/Q109943921|male
193|1825|Reise durch die Königreiche Sachsen und Böhmen in den Jahren 1822 und 1823|Wilhelm Ferdinand Bischoff|1822 bis 1823|Seite(n)112|243|https://digital.slub-dresden.de/werkansicht/dlf/89780/124|193_1825_Reise_durch_die_Königreiche_Sachsen_und_Böhmen_in_den_Jahren_1822_und_1823|SLUB Dresden|https://reise.isgv.de/logs/Q109943921|male
194|1825|Reise durch die Königreiche Sachsen und Böhmen in den Jahren 1822 und 1823|Wilhelm Ferdinand Bischoff|1822 bis 1823|Seite(n)105|243|https://digital.slub-dresden.de/werkansicht/dlf/89780/117|194_1825_Reise_durch_die_Königreiche_Sachsen_und_Böhmen_in_den_Jahren_1822_und_1823|SLUB Dresden|https://reise.isgv.de/logs/Q109943921|male
195|1825|Reise durch die Königreiche Sachsen und Böhmen in den Jahren 1822 und 1823|Kein Eintrag vorhanden|Kein Eintrag vorhanden|Seite(n)20-102|130|https://digital.slub-dresden.de/werkansicht/dlf/89780/32|195_1825_Reise_durch_die_Königreiche_Sachsen_und_Böhmen_in_den_Jahren_1822_und_1823|BSB München|https://reise.isgv.de/logs/Q109944167|male
196|1826|Wanderbilder. Gesammelt auf einer Reise von Wien über Dresden, Leipzig, Cassel nach Hamburg|Kein Eintrag vorhanden|Kein Eintrag vorhanden|Seite(n)76-77|130|https://www.digitale-sammlungen.de/de/view/bsb10727721?page=84|196_1826_Wanderbilder._Gesammelt_auf_einer_Reise_von_Wien_über_Dresden,_Leipzig,_Cassel_nach_Hamburg|BSB München|https://reise.isgv.de/logs/Q109944167|male
197|1826|Wanderbilder. Gesammelt auf einer Reise von Wien über Dresden, Leipzig, Cassel nach Hamburg|Kein Eintrag vorhanden|Kein Eintrag vorhanden|Seite(n)67|130|https://www.digitale-sammlungen.de/de/view/bsb10727721?page=75|197_1826_Wanderbilder._Gesammelt_auf_einer_Reise_von_Wien_über_Dresden,_Leipzig,_Cassel_nach_Hamburg|BSB München|https://reise.isgv.de/logs/Q109944167|male
198|1826|Wanderbilder. Gesammelt auf einer Reise von Wien über Dresden, Leipzig, Cassel nach Hamburg|Kein Eintrag vorhanden|Kein Eintrag vorhanden|Seite(n)60|130|https://www.digitale-sammlungen.de/de/view/bsb10727721?page=68|198_1826_Wanderbilder._Gesammelt_auf_einer_Reise_von_Wien_über_Dresden,_Leipzig,_Cassel_nach_Hamburg|BSB München|https://reise.isgv.de/logs/Q109944167|male
199|1826|Wanderbilder. Gesammelt auf einer Reise von Wien über Dresden, Leipzig, Cassel nach Hamburg|Kein Eintrag vorhanden|Kein Eintrag vorhanden|Seite(n)58-59|130|https://www.digitale-sammlungen.de/de/view/bsb10727721?page=66|199_1826_Wanderbilder._Gesammelt_auf_einer_Reise_von_Wien_über_Dresden,_Leipzig,_Cassel_nach_Hamburg|BSB München|https://reise.isgv.de/logs/Q109944167|male
200|1826|Wanderbilder. Gesammelt auf einer Reise von Wien über Dresden, Leipzig, Cassel nach Hamburg|Kein Eintrag vorhanden|Kein Eintrag vorhanden|Seite(n)54-56|130|https://www.digitale-sammlungen.de/de/view/bsb10727721?page=62|200_1826_Wanderbilder._Gesammelt_auf_einer_Reise_von_Wien_über_Dresden,_Leipzig,_Cassel_nach_Hamburg|BSB München|https://reise.isgv.de/logs/Q109944167|male
201|1826|Wanderbilder. Gesammelt auf einer Reise von Wien über Dresden, Leipzig, Cassel nach Hamburg|Christian Gottfried Daniel Stein|Kein Eintrag vorhanden|Seite(n)43-51|368|https://www.digitale-sammlungen.de/de/view/bsb10727721?page=51|201_1826_Wanderbilder._Gesammelt_auf_einer_Reise_von_Wien_über_Dresden,_Leipzig,_Cassel_nach_Hamburg|BSB München|https://reise.isgv.de/logs/Q109944093|male
202|1827|Reisen nach den vorzüglichsten Hauptstädten von Mittel-Europa. Eine Schilderung der Länder und Städte, ihrer Bewohner, Naturschönheiten, Sehenswürdigkeiten, u.s.w.|Christian Gottfried Daniel Stein|Kein Eintrag vorhanden|Seite(n)102-104|368|https://www.digitale-sammlungen.de/de/view/bsb10622201?page=114|202_1827_Reisen_nach_den_vorzüglichsten_Hauptstädten_von_Mittel-Europa._Eine_Schilderung_der_Länder_und_Städt|BSB München|https://reise.isgv.de/logs/Q109944093|male
203|1827|Reisen nach den vorzüglichsten Hauptstädten von Mittel-Europa. Eine Schilderung der Länder und Städte, ihrer Bewohner, Naturschönheiten, Sehenswürdigkeiten, u.s.w.|Wilhelm von Horn|Kein Eintrag vorhanden|Seite(n)62-102|432|https://www.digitale-sammlungen.de/de/view/bsb10622201?page=74|203_1827_Reisen_nach_den_vorzüglichsten_Hauptstädten_von_Mittel-Europa._Eine_Schilderung_der_Länder_und_Städt|BSB München|https://reise.isgv.de/logs/Q109943991|male
204|1831|Reise durch Deutschland Ungarn, Holland, Italien, Frankreich, Großbritanien und Irland|Johann Ludwig Deinhardstein|Kein Eintrag vorhanden|Seite(n)26-35|192|https://www.digitale-sammlungen.de/de/view/bsb10467054?page=34|204_1831_Reise_durch_Deutschland_Ungarn,_Holland,_Italien,_Frankreich,_Großbritanien_und_Irland|BSB München|https://reise.isgv.de/logs/Q109943939|male
205|1831|Skizzen einer Reise von Wien über Prag, Teplitz, Dresden, Berlin, Leipzig, Weimar, Frankfurt am Main, Darmstadt, Heidelberg, Mannheim, Karlsruhe, Stuttgart, München, Salzburg, Linz, und von dort nach Wien zurück|Johann Ludwig Deinhardstein|Kein Eintrag vorhanden|Seite(n)28-44|192|https://www.digitale-sammlungen.de/de/view/bsb10466628?page=38|205_1831_Skizzen_einer_Reise_von_Wien_über_Prag,_Teplitz,_Dresden,_Berlin,_Leipzig,_Weimar,_Frankfurt_am_Main|BSB München|https://reise.isgv.de/logs/Q109943939|male
206|1831|Skizzen einer Reise von Wien über Prag, Teplitz, Dresden, Berlin, Leipzig, Weimar, Frankfurt am Main, Darmstadt, Heidelberg, Mannheim, Karlsruhe, Stuttgart, München, Salzburg, Linz, und von dort nach Wien zurück|Philipp Hainhofer|1617|Seite(n)27-28|160|https://www.digitale-sammlungen.de/de/view/bsb10466628?page=37|206_1831_Skizzen_einer_Reise_von_Wien_über_Prag,_Teplitz,_Dresden,_Berlin,_Leipzig,_Weimar,_Frankfurt_am_Main|DB Mecklenburg-Vorpommern|https://reise.isgv.de/logs/Q109943980|male
223|1899|Reise durch Sachsen im Jahre 1813. Briefe Goethes an Christiane|Philipp Hainhofer|1629|Seite(n)48-49|309|https://digital.slub-dresden.de/werkansicht/dlf/99162/16|223_1899_Reise_durch_Sachsen_im_Jahre_1813._Briefe_Goethes_an_Christiane|Link|https://reise.isgv.de/logs/Q109943979|male
224|1899|Reise durch Sachsen im Jahre 1813. Briefe Goethes an Christiane|Daniel Chodowiecki|1773 bis 1773|Seite(n)42-46|102|https://digital.slub-dresden.de/werkansicht/dlf/99162/10|224_1899_Reise_durch_Sachsen_im_Jahre_1813._Briefe_Goethes_an_Christiane|Kein Eintrag vorhanden|https://reise.isgv.de/logs/Q109943935|male
