Name;Autor;publikationsdatum;Reisedaten;gesamtseitenzahl;Digitalisat;Zitierfähige URL
Gründliche vnd warhafftige beschreibung Der Löblichen vnd Ritterlichen Reise vnd Meerfart in das heilige Land nach Hierusalem;Hans von Mergenthal;1586;1476 bis 1476;120;BSB München;https://reise.isgv.de/logs/Q109944034
Gründliche vnd warhafftige beschreibung Der Löblichen vnd Ritterlichen Reise vnd Meerfart in das heilige Land nach Hierusalem;Hans von Mergenthal;1586;1476 bis 1476;120;BSB München;https://reise.isgv.de/logs/Q109944034
Delitiarum Germaniae, tam superioris quam inferioris, Index simul & viatorius, indicans Itinera ex Augusta Vindelicorum, ad omnes civitates & oppida, tam in superiori quam inferiori Germania;Matthias Quad;1604;Kein Eintrag vorhanden;299;BSB München;https://reise.isgv.de/logs/Q109944049
Summarische Verzeichnus einer Reyß, so der … Herr Friderich Hertzog zu Würtemberg und Teck … [et]c. im Jahr Christi 1580 gethon;Friedrich I. von Württemberg;1606;1580;29;HAB Wolfenbüttel;https://reise.isgv.de/logs/Q109943966
Deliciarum Germaniae, Tam Superioris Quam Inferioris;Gaspar Ens;1609;Kein Eintrag vorhanden;320;BSB München;https://reise.isgv.de/logs/Q109943950
Itinerarium Germaniae Nov-Antiquae. Teutsches Reyßbuch durch Hoch- und Nider-Teutschland auch angräntzende, unnd benachbarte Königreich, Fürstenthumb und Lande;Martin Zeiller;1632;Kein Eintrag vorhanden;489;Link;https://reise.isgv.de/logs/Q109944118
Auf angenehmgehaltenes Gutachten und Veranlassung der Kön. Engell. Medicinischen Gesellschaft in London gethane gantz sonderbare Reise;Edward Browne;1686;Kein Eintrag vorhanden;299;Kein Eintrag vorhanden;https://reise.isgv.de/logs/Q109943927
Denckwürdige Reisebeschreibung durch Deutschland, Italien, Spanien, Portugall, Engeland, Franckreich und Schweitz;Johannes Limberg;1690;Kein Eintrag vorhanden;1068;BSB München;https://reise.isgv.de/logs/Q109944016
Die vornehmsten europäischen Reisen, wie solche durch Deutschland, Franckreich, Italien, Holl-und England, Dännemarck und Schweden anzustellen;Peter Ambrosius Lehmann;1706;Kein Eintrag vorhanden;528;SLUB Dresden;https://reise.isgv.de/logs/Q109944013
Curieuse Reise-Beschreibung des Herrn Androphili;Androphilus;1735;Kein Eintrag vorhanden;782;SLUB Dresden;https://reise.isgv.de/logs/Q109943920
Curieuse Reise-Beschreibung des Herrn Androphili;Androphilus;1735;Kein Eintrag vorhanden;782;SLUB Dresden;https://reise.isgv.de/logs/Q109943920
Curieuse Reise-Beschreibung des Herrn Androphili;Androphilus;1735;Kein Eintrag vorhanden;782;SLUB Dresden;https://reise.isgv.de/logs/Q109943920
Briefe, welche das Merkwürdigste von seinen Reisen und die Eigenschaften derjenigen Personen, woraus die vornehmsten Höfe von Europa bestehen, in sich enthalten;Karl Ludwig von Pöllnitz;1738;Kein Eintrag vorhanden;463;BSB München;https://reise.isgv.de/logs/Q109944047
Eines berühmten Cavaliers aus Schlesien, Curieuse Reisen durch Europa, in welcher allerhand Merckwürdigkeiten zu finden;Georg von Fürst;1739;Kein Eintrag vorhanden;460;SLUB Dresden;https://reise.isgv.de/logs/Q109943970
Neueste Reisen durch Deutschland, Böhmen, Ungarn, die Schweitz, Italien und Lothringen;Johann Georg Keyssler;1740;Kein Eintrag vorhanden;1344;BSB München;https://reise.isgv.de/logs/Q109943995
Anmerckungen derer Auf meiner Sächsischen Reysse gesehenen Merckwürdigkeiten Wie ich solche an unterschiedenen Orten meist nur kürtzlich aufgeschrieben;Johann Andreas Silbermann;1741;1741;438;SLUB Dresden;https://reise.isgv.de/logs/Q109944172
Anmerckungen derer Auf meiner Sächsischen Reysse gesehenen Merckwürdigkeiten Wie ich solche an unterschiedenen Orten meist nur kürtzlich aufgeschrieben;Johann Andreas Silbermann;1741;1741;438;SLUB Dresden;https://reise.isgv.de/logs/Q109944172
Beschreibung des Morgenlandes und einiger anderer Länder;Richard Pococke;1754;Kein Eintrag vorhanden;346;Link;https://reise.isgv.de/logs/Q109944046
Historische Berichte und praktische Anmerkungen auf Reisen in Deutschland, in die Niederlande, in Frankreich, England, Dännemark, Böhmen und Ungarn;Johann Peter Willebrand;1758;Kein Eintrag vorhanden;378;UB HU Berlin;https://reise.isgv.de/logs/Q109944113
Tagebuch einer musikalischen Reise durch Frankreich und Italien, durch Flandern, den Niederlanden und am Rhein bis Wien, durch Böhmen, Sachsen, Brandenburg, Hamburg und Holland 1770–1772;Charles Burney;1772;1770 bis 1772;372;Kein Eintrag vorhanden;https://reise.isgv.de/logs/Q109943931
Briefe eines aufmerksamen Reisenden die Musik betreffend;Johann Friedrich Reichardt;1774;Kein Eintrag vorhanden;134;Link;https://reise.isgv.de/logs/Q109944057
Briefe eines jungen Reisenden durch Liefland, Kurland und Deutschland;Andreas Meyer;1777;Kein Eintrag vorhanden;668;HAAB;https://reise.isgv.de/logs/Q109944035
Briefe eines jungen Reisenden durch Liefland, Kurland und Deutschland;Andreas Meyer;1777;Kein Eintrag vorhanden;668;HAAB;https://reise.isgv.de/logs/Q109944035
Briefe eines jungen Reisenden durch Liefland, Kurland und Deutschland;Andreas Meyer;1777;Kein Eintrag vorhanden;668;HAAB;https://reise.isgv.de/logs/Q109944035
Briefe eines Engländers auf seiner Reise nach Berlin, Dresden, Wien, Haag, Rom, Neapolis und Ferney;Martin Sherlock;1779;Kein Eintrag vorhanden;134;BSB München;https://reise.isgv.de/logs/Q109944086
Freundschaftliche Nachrichten von einer Carlsbader Brunnenreise;Johann Peter Willebrand;1780;Kein Eintrag vorhanden;360;SLUB Dresden;https://reise.isgv.de/logs/Q109944112
Emanuel Hartensteins, eines perigrinirenden Weltbürgers, Reise von Berlin über Rostock nach Dreßden;Christian Wilhelm Kindleben;1780;Kein Eintrag vorhanden;232;BSB München;https://reise.isgv.de/logs/Q109943996
Nachrichten eines reisenden Passagiers von den wahren Begebenheiten, die sich auf seiner Reise … ereignet;Kein Eintrag vorhanden;1781;Kein Eintrag vorhanden;16;ULB Halle;https://reise.isgv.de/logs/Q109944149
Tagebuch einer gelehrten Reise 1750 durch einen Theil von Ober- und Nieder-Sachsen;Johann Carl Conrad Oelrichs;1782;1750;452;SLUB Dresden;https://reise.isgv.de/logs/Q109944040
Tagebuch einer gelehrten Reise 1750 durch einen Theil von Ober- und Nieder-Sachsen;Johann Carl Conrad Oelrichs;1782;1750;452;SLUB Dresden;https://reise.isgv.de/logs/Q109944040
Bemerkungen über verschiedene Gegenstände auf einer Reise durch einige deutsche Provinzen;Georg Heinrich Hollenberg;1782;Kein Eintrag vorhanden;255;BSB München;https://reise.isgv.de/logs/Q109943990
Reise von Dresden nach Teplitz in Böhmen;Wilhelm Gottlieb Becker;1782;Kein Eintrag vorhanden;36;BSB München;https://reise.isgv.de/logs/Q109943918
Der durch Preußen und Sachsen reisende Weltbürger;Kein Eintrag vorhanden;1783;Kein Eintrag vorhanden;136;ULB Halle;https://reise.isgv.de/logs/Q109944151
Herrn G. E. von R. Reise von Wien nach Böhmen und Sachsen, im May 1783;Kein Eintrag vorhanden;1783;1783;38;SLUB Dresden;https://reise.isgv.de/logs/Q109944147
Herrn G. E. von R. Reise von Wien nach Böhmen und Sachsen, im May 1783;Kein Eintrag vorhanden;1783;1783;38;SLUB Dresden;https://reise.isgv.de/logs/Q109944147
Briefe eines reisenden Franzosen über Deutschland. An seinen Bruder zu Paris;Johann Kaspar Riesbeck;1783;Kein Eintrag vorhanden;412;BSB München;https://reise.isgv.de/logs/Q109944061
Bemerkungen auf einer Reise durch die Lausitz und Sachsen;Christian Gottfried Klose;1783;Kein Eintrag vorhanden;39;BSB München;https://reise.isgv.de/logs/Q109943999
Bemerkungen auf einer Reise durch die Lausitz und Sachsen;Christian Gottfried Klose;1783;Kein Eintrag vorhanden;39;BSB München;https://reise.isgv.de/logs/Q109943999
Geographische Reise durch Deutschland;Gottfried Conrad Böttger;1783;Kein Eintrag vorhanden;106;Kein Eintrag vorhanden;https://reise.isgv.de/logs/Q109943924
Briefe eines Reisenden aus Sachsen;Kein Eintrag vorhanden;1784;Kein Eintrag vorhanden;22;UB Bielefeld;https://reise.isgv.de/logs/Q109944139
Beobachtungen über verschiedene Gegenstände auf einer Reise im Sommer 1783 nach Pyrmont, Braunschweig, Lauchstädt, Leipzig, Dresden, Töplitz, Berlin, Potsdam, Dessau und Bremen;Marcus Friedrich Schüsler;1784;1783;95;ULB Halle;https://reise.isgv.de/logs/Q109944080
Beobachtungen über verschiedene Gegenstände auf einer Reise im Sommer 1783 nach Pyrmont, Braunschweig, Lauchstädt, Leipzig, Dresden, Töplitz, Berlin, Potsdam, Dessau und Bremen;Marcus Friedrich Schüsler;1784;1783;95;ULB Halle;https://reise.isgv.de/logs/Q109944080
Beobachtungen über verschiedene Gegenstände auf einer Reise im Sommer 1783 nach Pyrmont, Braunschweig, Lauchstädt, Leipzig, Dresden, Töplitz, Berlin, Potsdam, Dessau und Bremen;Marcus Friedrich Schüsler;1784;1783;95;ULB Halle;https://reise.isgv.de/logs/Q109944080
Beobachtungen über verschiedene Gegenstände auf einer Reise im Sommer 1783 nach Pyrmont, Braunschweig, Lauchstädt, Leipzig, Dresden, Töplitz, Berlin, Potsdam, Dessau und Bremen;Marcus Friedrich Schüsler;1784;1783;95;ULB Halle;https://reise.isgv.de/logs/Q109944080
Eine Frühlingsreise über Halle, Leipzig und Altenburg nach Dresden im Jahre 1784;Joachim Christoph Friedrich Schulz;1785;1784;562;BSB München;https://reise.isgv.de/logs/Q109944075
Beschreibung seiner Reise durch Ober- und Nieder-Sachsen und Hessen;Jonas Apelblad;1785;1755;366;SLUB Dresden;https://reise.isgv.de/logs/Q109943912
Auszug einer Reise durch einen Theil von Sachsen;Kein Eintrag vorhanden;1786;1783;236;Kein Eintrag vorhanden;https://reise.isgv.de/logs/Q109944123
Litterarische Reise durch Teutschland;Joachim Christoph Friedrich Schulz;1786;Kein Eintrag vorhanden;100;Kein Eintrag vorhanden;https://reise.isgv.de/logs/Q109944077
Kleine Wanderungen durch Teutschland;Joachim Christoph Friedrich Schulz;1786;Kein Eintrag vorhanden;220;BSB München;https://reise.isgv.de/logs/Q109944076
Briefe über Sachsen von einem Reisenden;Christian Gottfried Klose;1786;Kein Eintrag vorhanden;156;BSB München;https://reise.isgv.de/logs/Q109944000
Briefe über Sachsen von einem Reisenden;Christian Gottfried Klose;1786;Kein Eintrag vorhanden;156;BSB München;https://reise.isgv.de/logs/Q109944000
Briefe über Sachsen von einem Reisenden;Christian Gottfried Klose;1786;Kein Eintrag vorhanden;156;BSB München;https://reise.isgv.de/logs/Q109944000
Briefe über Sachsen von einem Reisenden;Christian Gottfried Klose;1786;Kein Eintrag vorhanden;156;BSB München;https://reise.isgv.de/logs/Q109944000
Briefe über Sachsen von einem Reisenden;Christian Gottfried Klose;1786;Kein Eintrag vorhanden;156;BSB München;https://reise.isgv.de/logs/Q109944000
Briefe über Sachsen von einem Reisenden;Christian Gottfried Klose;1786;Kein Eintrag vorhanden;156;BSB München;https://reise.isgv.de/logs/Q109944000
Briefe über Sachsen von einem Reisenden;Christian Gottfried Klose;1786;Kein Eintrag vorhanden;156;BSB München;https://reise.isgv.de/logs/Q109944000
Briefe über Herrnhut und andere Orte der Oberlausitz;Christian Gottlieb Schmidt;1787;Kein Eintrag vorhanden;184;SLUB Dresden;https://reise.isgv.de/logs/Q109944069
Reise von Wien über Prag, Dresden und durch einen Theil der Lausitz nach Berlin und Potsdam;Gottfried von Rotenstein;1787;1784;134;SLUB Dresden;https://reise.isgv.de/logs/Q105102299
Reise von Wien über Prag, Dresden und durch einen Theil der Lausitz nach Berlin und Potsdam;Gottfried von Rotenstein;1787;1784;134;SLUB Dresden;https://reise.isgv.de/logs/Q105102299
Bemerkungen auf der Reise durch Frankreich, Italien und Deutschland;Hester Thrale;1789;Kein Eintrag vorhanden;413;BSB München;https://reise.isgv.de/logs/Q109944043
Bemerkungen auf einer Reise von Thorn durch Posen nach Sachsen;Johann Christoph Hornuff;1790;Kein Eintrag vorhanden;192;SLUB Dresden;https://reise.isgv.de/logs/Q109943992
Bemerkungen auf einer Reise von Thorn durch Posen nach Sachsen;Johann Christoph Hornuff;1790;Kein Eintrag vorhanden;192;SLUB Dresden;https://reise.isgv.de/logs/Q109943992
Bemerkungen auf einer Reise von Thorn durch Posen nach Sachsen;Johann Christoph Hornuff;1790;Kein Eintrag vorhanden;192;SLUB Dresden;https://reise.isgv.de/logs/Q109943992
Briefe einer Curländerinn auf einer Reise durch Deutschland;Sophie Schwarz;1791;Kein Eintrag vorhanden;175;BSB München;https://reise.isgv.de/logs/Q109944081
Briefe einer Curländerinn auf einer Reise durch Deutschland;Sophie Schwarz;1791;Kein Eintrag vorhanden;175;BSB München;https://reise.isgv.de/logs/Q109944081
Briefe einer Curländerinn auf einer Reise durch Deutschland;Sophie Schwarz;1791;Kein Eintrag vorhanden;175;BSB München;https://reise.isgv.de/logs/Q109944081
Briefe einer Curländerinn auf einer Reise durch Deutschland;Sophie Schwarz;1791;Kein Eintrag vorhanden;175;BSB München;https://reise.isgv.de/logs/Q109944081
Briefe einer Curländerinn auf einer Reise durch Deutschland;Sophie Schwarz;1791;Kein Eintrag vorhanden;175;BSB München;https://reise.isgv.de/logs/Q109944081
Lust-Reisen durch Bayern, Würtemberg, Pfalz, Sachsen, Brandenburg, Oesterreich, Mähren, Böhmen und Ungarn in den Jahren 1784 bis 1791;Gottfried von Rotenstein;1792;1784 bis 1791;266;Kein Eintrag vorhanden;https://reise.isgv.de/logs/Q109944063
Bemerkungen auf einer Reise von Jena nach Altenburg, Dresden, Königstein und Meißen;Kein Eintrag vorhanden;1793;Kein Eintrag vorhanden;34;UB Bielefeld;https://reise.isgv.de/logs/Q109944127
Bemerkungen auf einer Reise von Jena nach Altenburg, Dresden, Königstein und Meißen;Kein Eintrag vorhanden;1793;Kein Eintrag vorhanden;34;UB Bielefeld;https://reise.isgv.de/logs/Q109944127
Briefe eines reisenden Dänen. Geschrieben im Jahre 1791 und 1792 während seiner Reise durch einen Theil Deutschlands, der Schweiz und Frankreichs;Frederik Sneedorff;1793;1791 bis 1792;360;BSB München;https://reise.isgv.de/logs/Q109944088
Briefe eines reisenden Dänen. Geschrieben im Jahre 1791 und 1792 während seiner Reise durch einen Theil Deutschlands, der Schweiz und Frankreichs;Frederik Sneedorff;1793;1791 bis 1792;360;BSB München;https://reise.isgv.de/logs/Q109944088
Briefe eines reisenden Dänen. Geschrieben im Jahre 1791 und 1792 während seiner Reise durch einen Theil Deutschlands, der Schweiz und Frankreichs;Frederik Sneedorff;1793;1791 bis 1792;360;BSB München;https://reise.isgv.de/logs/Q109944088
Briefe auf einer Reise durch Deutschland im Jahre 1791;Karl Martin Plümicke;1793;1791;444;BSB München;https://reise.isgv.de/logs/Q109944045
Briefe auf einer Reise durch Deutschland im Jahre 1791;Karl Martin Plümicke;1793;1791;444;BSB München;https://reise.isgv.de/logs/Q109944045
Karl Wertheims Reise durch Kursachsen;Karl Gottlob Köhler;1793;Kein Eintrag vorhanden;259;Kein Eintrag vorhanden;https://reise.isgv.de/logs/Q109944002
Karl Wertheims Reise durch Kursachsen;Karl Gottlob Köhler;1793;Kein Eintrag vorhanden;259;Kein Eintrag vorhanden;https://reise.isgv.de/logs/Q109944002
Karl Wertheims Reise durch Kursachsen;Karl Gottlob Köhler;1793;Kein Eintrag vorhanden;259;Kein Eintrag vorhanden;https://reise.isgv.de/logs/Q109944002
Reise in Deutschland, der Schweiz, Italien und Sicilien;Friedrich Leopold Graf zu Stolberg;1794;1792;398;BSB München;https://reise.isgv.de/logs/Q109944095
Kleine Wanderungen durch Sachsen und Brandenburg;Kein Eintrag vorhanden;1795;Kein Eintrag vorhanden;435;SLUB Dresden;https://reise.isgv.de/logs/Q109944170
Kleine Wanderungen durch Sachsen und Brandenburg;Kein Eintrag vorhanden;1795;Kein Eintrag vorhanden;435;SLUB Dresden;https://reise.isgv.de/logs/Q109944170
Reise eines Liefländers von Riga nach Warschau, durch Südpreußen, über Breslau, Dresden, Karlsbad, Bayreuth, Nürnberg, Regensburg, München, Salzburg, Linz, Wien und Klagenfurt, nach Bozen in Tyrol;Joachim Christoph Friedrich Schulz;1795;Kein Eintrag vorhanden;1400;BBAW;https://reise.isgv.de/logs/Q109944078
Reise eines Liefländers von Riga nach Warschau, durch Südpreußen, über Breslau, Dresden, Karlsbad, Bayreuth, Nürnberg, Regensburg, München, Salzburg, Linz, Wien und Klagenfurt, nach Bozen in Tyrol;Joachim Christoph Friedrich Schulz;1795;Kein Eintrag vorhanden;1400;BBAW;https://reise.isgv.de/logs/Q109944078
Reise eines Liefländers von Riga nach Warschau, durch Südpreußen, über Breslau, Dresden, Karlsbad, Bayreuth, Nürnberg, Regensburg, München, Salzburg, Linz, Wien und Klagenfurt, nach Bozen in Tyrol;Joachim Christoph Friedrich Schulz;1795;Kein Eintrag vorhanden;1400;BBAW;https://reise.isgv.de/logs/Q109944078
Reise eines Liefländers von Riga nach Warschau, durch Südpreußen, über Breslau, Dresden, Karlsbad, Bayreuth, Nürnberg, Regensburg, München, Salzburg, Linz, Wien und Klagenfurt, nach Bozen in Tyrol;Joachim Christoph Friedrich Schulz;1795;Kein Eintrag vorhanden;1400;BBAW;https://reise.isgv.de/logs/Q109944078
Hans Kiekindiewelts Reisen in alle vier Weltteile und andere Schriften;Georg Friedrich Rebmann;1795;Kein Eintrag vorhanden;254;SLUB Dresden;https://reise.isgv.de/logs/Q109944053
Hans Kiekindiewelts Reisen in alle vier Weltteile und andere Schriften;Georg Friedrich Rebmann;1795;Kein Eintrag vorhanden;254;SLUB Dresden;https://reise.isgv.de/logs/Q109944053
Hans Kiekindiewelts Reisen in alle vier Weltteile und andere Schriften;Georg Friedrich Rebmann;1795;Kein Eintrag vorhanden;254;SLUB Dresden;https://reise.isgv.de/logs/Q109944053
Wanderungen und Kreuzzüge durch einen Theil Deutschlands;Georg Friedrich Rebmann;1795;Kein Eintrag vorhanden;270;BSB München;https://reise.isgv.de/logs/Q109944052
Wanderungen und Kreuzzüge durch einen Theil Deutschlands;Georg Friedrich Rebmann;1795;Kein Eintrag vorhanden;270;BSB München;https://reise.isgv.de/logs/Q109944052
Wanderungen und Kreuzzüge durch einen Theil Deutschlands;Georg Friedrich Rebmann;1795;Kein Eintrag vorhanden;270;BSB München;https://reise.isgv.de/logs/Q109944052
Bemerkungen auf einer Reise von Kopenhagen nach Wien im Jahr 1793;Emanuel Bozenhard;1795;1793;184;BSB München;https://reise.isgv.de/logs/Q109943926
Wanderungen in Sachsen, Schlesien, Glatz und Böhmen;Christian Weiß;1796;1796 bis 1797;271;ULB Münster;https://reise.isgv.de/logs/Q109944107
Reisen durch Deutschland, Frankreich, England und Holland in verschiedener, besonders politischer Hinsicht;Andreas Riem;1796;1785 bis 1798;286;BSB München;https://reise.isgv.de/logs/Q109944060
Reisen durch Deutschland, Frankreich, England und Holland in verschiedener, besonders politischer Hinsicht;Andreas Riem;1796;1785 bis 1798;286;BSB München;https://reise.isgv.de/logs/Q109944060
Wanderungen durch die Niederlande, Deutschland, die Schweiz und Italien 1793 und 1794;Carl Gottlob Küttner;1796;1793 bis 1794;572;BSB München;https://reise.isgv.de/logs/Q109944009
Reisen und merkwürdige Nachrichten zweier Neufranken durch Deutschland, Rußland, Polen und die Oesterreichischen Staaten während des jetzigen wichtigen Krieges;Kein Eintrag vorhanden;1797;Kein Eintrag vorhanden;316;BSB München;https://reise.isgv.de/logs/Q109944161
Erzählungen von einer Reise durch einen großen Theil Deutschlands und der Schweiz, im Jahre 1796;Friedrich Philipp Wilmsen;1798;1796;376;BSB München;https://reise.isgv.de/logs/Q109944115
Erzählungen von einer Reise durch einen großen Theil Deutschlands und der Schweiz, im Jahre 1796;Friedrich Philipp Wilmsen;1798;1796;376;BSB München;https://reise.isgv.de/logs/Q109944115
Meine Reise in das Sächsische Erzgebirge im Monath August 1798;Carl Friedrich Wilhelm August Vater;1798;1798;39;SLUB Dresden;https://reise.isgv.de/logs/Q109944103
Meine Reise in das Sächsische Erzgebirge im Monath August 1798;Carl Friedrich Wilhelm August Vater;1798;1798;39;SLUB Dresden;https://reise.isgv.de/logs/Q109944103
Peregrinationen;Jacob Pickhart;1798;Kein Eintrag vorhanden;414;Kein Eintrag vorhanden;https://reise.isgv.de/logs/Q109944042
Reisen nach und in der Oberlausitz;Gottfried Benjamin Meissner;1798;1795;258;BSB München;https://reise.isgv.de/logs/Q109944032
Reisen nach und in der Oberlausitz;Gottfried Benjamin Meissner;1798;1795;258;BSB München;https://reise.isgv.de/logs/Q109944032
Gemälde über die Ober-Lausitz. Gesammelt auf einer kleinen Fußreise;Gottfried Benjamin Meissner;1798;1795;258;SLUB Dresden;https://reise.isgv.de/logs/Q109944031
Gemälde über die Ober-Lausitz. Gesammelt auf einer kleinen Fußreise;Gottfried Benjamin Meissner;1798;1795;258;SLUB Dresden;https://reise.isgv.de/logs/Q109944031
Fußreise von Dresden nach den zwei verfallenen Bergschlössern, die Rathen, und die dortige Gegend;Gottfried Benjamin Meissner;1798;Kein Eintrag vorhanden;48;BSB München;https://reise.isgv.de/logs/Q109944030
Eine kleine Fußreise von Dresden nach Pirna. An Herrn J. Hermsdorf in Görlitz;Gottfried Benjamin Meissner;1798;Kein Eintrag vorhanden;42;BSB München;https://reise.isgv.de/logs/Q109944029
Eine kleine Fußreise von Dresden nach Pirna. An Herrn J. Hermsdorf in Görlitz;Gottfried Benjamin Meissner;1798;Kein Eintrag vorhanden;42;BSB München;https://reise.isgv.de/logs/Q109944029
Neue Ansicht von Dresden. Für Reisende von einem Reisenden;Kein Eintrag vorhanden;1799;Kein Eintrag vorhanden;218;SLUB Dresden;https://reise.isgv.de/logs/Q109944122
Briefe eines reisenden Russen;Nikolai Michailowitsch Karamsin;1799;Kein Eintrag vorhanden;216;BSB München;https://reise.isgv.de/logs/Q109943994
Meine Reise im deutschen Vaterlande, aus Thüringen ins Riesengebürge zu den Elbquellen und durch Böhmen ins Erzgebürge;Johann Christoph Friedrich GutsMuths;1799;Kein Eintrag vorhanden;260;SLUB Dresden;https://reise.isgv.de/logs/Q109943978
Meine Reise im deutschen Vaterlande, aus Thüringen ins Riesengebürge zu den Elbquellen und durch Böhmen ins Erzgebürge;Johann Christoph Friedrich GutsMuths;1799;Kein Eintrag vorhanden;260;SLUB Dresden;https://reise.isgv.de/logs/Q109943978
Meine Reise im deutschen Vaterlande, aus Thüringen ins Riesengebürge zu den Elbquellen und durch Böhmen ins Erzgebürge;Johann Christoph Friedrich GutsMuths;1799;Kein Eintrag vorhanden;260;SLUB Dresden;https://reise.isgv.de/logs/Q109943978
Beschreibung einer Wasserreise von Außig nach Dresden;Esther Domeier;1799;Kein Eintrag vorhanden;21;UB Bielefeld;https://reise.isgv.de/logs/Q109943940
Pitoreskische Reisen durch Sachsen oder Naturschönheiten sächsischer Gegenden auf einer gesellschaftlichen Reise;Johann Jacob Brückner;1800;Kein Eintrag vorhanden;342;ULB Halle;https://reise.isgv.de/logs/Q109943928
Pitoreskische Reisen durch Sachsen oder Naturschönheiten sächsischer Gegenden auf einer gesellschaftlichen Reise;Johann Jacob Brückner;1800;Kein Eintrag vorhanden;342;ULB Halle;https://reise.isgv.de/logs/Q109943928
Schönheiten der Natur und Kunst dargestellt auf einer Reise durch einen Theil der Sächsischen Staaten;Kein Eintrag vorhanden;1801;Kein Eintrag vorhanden;642;SLUB Dresden;https://reise.isgv.de/logs/Q109944163
Schönheiten der Natur und Kunst dargestellt auf einer Reise durch einen Theil der Sächsischen Staaten;Kein Eintrag vorhanden;1801;Kein Eintrag vorhanden;642;SLUB Dresden;https://reise.isgv.de/logs/Q109944163
Schönheiten der Natur und Kunst dargestellt auf einer Reise durch einen Theil der Sächsischen Staaten;Kein Eintrag vorhanden;1801;Kein Eintrag vorhanden;642;SLUB Dresden;https://reise.isgv.de/logs/Q109944163
Schönheiten der Natur und Kunst dargestellt auf einer Reise durch einen Theil der Sächsischen Staaten;Kein Eintrag vorhanden;1801;Kein Eintrag vorhanden;642;SLUB Dresden;https://reise.isgv.de/logs/Q109944163
Reise durch Deutschland, Dänemark, Schweden, Norwegen und einen Theil von Italien, in den Jahren 1797, 1798, 1799;Carl Gottlob Küttner;1801;1797 bis 1799;1671;BSB München;https://reise.isgv.de/logs/Q109944008
Reise durch Deutschland, Dänemark, Schweden, Norwegen und einen Theil von Italien, in den Jahren 1797, 1798, 1799;Carl Gottlob Küttner;1801;1797 bis 1799;1671;BSB München;https://reise.isgv.de/logs/Q109944008
Meine Freuden in Sachsen;Christian Kosegarten;1801;Kein Eintrag vorhanden;227;Kein Eintrag vorhanden;https://reise.isgv.de/logs/Q109944004
Meine Freuden in Sachsen;Christian Kosegarten;1801;Kein Eintrag vorhanden;227;Kein Eintrag vorhanden;https://reise.isgv.de/logs/Q109944004
Meine Freuden in Sachsen;Christian Kosegarten;1801;Kein Eintrag vorhanden;227;Kein Eintrag vorhanden;https://reise.isgv.de/logs/Q109944004
Meine Freuden in Sachsen;Christian Kosegarten;1801;Kein Eintrag vorhanden;227;Kein Eintrag vorhanden;https://reise.isgv.de/logs/Q109944004
Spaziergang nach Syrakus;Johann Gottfried Seume;1803;Kein Eintrag vorhanden;491;BSB München;https://reise.isgv.de/logs/Q109944085
Oeconomische und statistische Reisen durch Chursachsen und dessen angränzende Länder;Lüder Hermann Hans von Engel;1803;Kein Eintrag vorhanden;232;SLUB Dresden;https://reise.isgv.de/logs/Q109943948
Reise von Dresden nach Prag und zurück. Nebst einer Beschreibung der Stadt Prag;Kein Eintrag vorhanden;1804;Kein Eintrag vorhanden;66;Kein Eintrag vorhanden;https://reise.isgv.de/logs/Q109944154
Reise von Dresden nach Prag und zurück. Nebst einer Beschreibung der Stadt Prag;Kein Eintrag vorhanden;1804;Kein Eintrag vorhanden;66;Kein Eintrag vorhanden;https://reise.isgv.de/logs/Q109944154
Reise von Dresden nach Prag und zurück. Nebst einer Beschreibung der Stadt Prag;Kein Eintrag vorhanden;1804;Kein Eintrag vorhanden;66;Kein Eintrag vorhanden;https://reise.isgv.de/logs/Q109944154
Reisen durch einen Theil Deutschlands vorzüglich durch Sachsen, Thüringen, Franken etc.;Kein Eintrag vorhanden;1805;Kein Eintrag vorhanden;196;Kein Eintrag vorhanden;https://reise.isgv.de/logs/Q109944162
Reisen durch einen Theil Deutschlands vorzüglich durch Sachsen, Thüringen, Franken etc.;Kein Eintrag vorhanden;1805;Kein Eintrag vorhanden;196;Kein Eintrag vorhanden;https://reise.isgv.de/logs/Q109944162
Reise durch Kursachsen in die Oberlausitz nach den evangelischen Brüdergemeinorten Barby, Gnadau, Herrnhut, Niesky und Kleinwelka;Johann Gebhard Maaß;1805;Kein Eintrag vorhanden;467;SLUB Dresden;https://reise.isgv.de/logs/Q109944020
Fußreise durch Sachsen und dessen romantische Schweizergegenden, einen Theil der Anhaltschen, Brandenburg und Braunschweigschen Lande nach Hannover;Christoph Wilhelm Lohmann;1805;1804;287;Kein Eintrag vorhanden;https://reise.isgv.de/logs/Q109944017
Fußreise durch Sachsen und dessen romantische Schweizergegenden, einen Theil der Anhaltschen, Brandenburg und Braunschweigschen Lande nach Hannover;Christoph Wilhelm Lohmann;1805;1804;287;Kein Eintrag vorhanden;https://reise.isgv.de/logs/Q109944017
Flüchtige Bemerkungen auf einer Reise von St. Petersburg über Moskwa, Grodno, Warschau, Breslau nach Deutschland;Georg Reinbeck;1806;Kein Eintrag vorhanden;324;BSB München;https://reise.isgv.de/logs/Q109944058
Meine Reise durch Deutschland nebst pathognomischen Bemerkungen über meine gemachten Bekanntschaften;Ignaz Kajetan Theodor Ferdinand Arnold;1806;Kein Eintrag vorhanden;340;Kein Eintrag vorhanden;https://reise.isgv.de/logs/Q109943914
Beobachtungen und Fantasien auf einer Reise durch Sachsen und Brandenburg im Herbst 1802;Peter Scheitlin;1807;1802;326;Kein Eintrag vorhanden;https://reise.isgv.de/logs/Q109944068
Beobachtungen und Fantasien auf einer Reise durch Sachsen und Brandenburg im Herbst 1802;Peter Scheitlin;1807;1802;326;Kein Eintrag vorhanden;https://reise.isgv.de/logs/Q109944068
Beobachtungen und Fantasien auf einer Reise durch Sachsen und Brandenburg im Herbst 1802;Peter Scheitlin;1807;1802;326;Kein Eintrag vorhanden;https://reise.isgv.de/logs/Q109944068
Beobachtungen und Fantasien auf einer Reise durch Sachsen und Brandenburg im Herbst 1802;Peter Scheitlin;1807;1802;326;Kein Eintrag vorhanden;https://reise.isgv.de/logs/Q109944068
Briefe über Polen, Österreich, Sachsen, Bayern, Italien, Etrurien, den Kirchenstaat und Neapel, an die Comtesse Constance de S.;Carl Theodor Baron von Uklanski;1808;1807 bis 1808;386;BSB München;https://reise.isgv.de/logs/Q109944102
Pädagogische Reise durch Deutschland. Veranlaßt auf allerhöchsten Befehl der bayrischen Regierung im Jahr 1805;Joseph Röckl;1808;1805;406;BSB München;https://reise.isgv.de/logs/Q109944062
Reise durch Schottland, seine Inseln, Dänemark und einen Theil von Deutschland;James MacDonald;1808;Kein Eintrag vorhanden;662;Kein Eintrag vorhanden;https://reise.isgv.de/logs/Q109944027
Reise durch Schottland, seine Inseln, Dänemark und einen Theil von Deutschland;James MacDonald;1808;Kein Eintrag vorhanden;662;Kein Eintrag vorhanden;https://reise.isgv.de/logs/Q109944027
Reise durch Schottland, seine Inseln, Dänemark und einen Theil von Deutschland;James MacDonald;1808;Kein Eintrag vorhanden;662;Kein Eintrag vorhanden;https://reise.isgv.de/logs/Q109944027
Bemerkungen auf einer Reise von Wittenberg nach Dresden, Pirna u.s.w. im Sommer 1807;Johann Gebhard Maaß;1808;1807;206;SLUB Dresden;https://reise.isgv.de/logs/Q109944022
Bemerkungen auf einer Reise von Wittenberg nach Dresden, Pirna u.s.w. im Sommer 1807;Johann Gebhard Maaß;1808;1807;206;SLUB Dresden;https://reise.isgv.de/logs/Q109944022
Bemerkungen auf einer Reise von Wittenberg nach Dresden, Pirna u.s.w. im Sommer 1807;Johann Gebhard Maaß;1808;1807;206;SLUB Dresden;https://reise.isgv.de/logs/Q109944022
Bemerkungen auf einer Reise von Wittenberg nach Dresden, Pirna u.s.w. im Sommer 1807;Johann Gebhard Maaß;1808;1807;206;SLUB Dresden;https://reise.isgv.de/logs/Q109944022
Bemerkungen auf meiner Reise von Wittenberg aus durch einen Theil des Wittenbergischen Kreises, die Nieder- und Oberlausitz und einen Theil des Meißnischen Kreises;Johann Gebhard Maaß;1808;1806 bis 1807;368;SLUB Dresden;https://reise.isgv.de/logs/Q109944021
Bemerkungen auf meiner Reise von Wittenberg aus durch einen Theil des Wittenbergischen Kreises, die Nieder- und Oberlausitz und einen Theil des Meißnischen Kreises;Johann Gebhard Maaß;1808;1806 bis 1807;368;SLUB Dresden;https://reise.isgv.de/logs/Q109944021
Gedichte und Selbstbiographie, Teil 2: Reise durch einen Theil von Sachsen, Böhmen, Oesterreich und Ungarn;Gottlieb Hiller;1808;Kein Eintrag vorhanden;348;BSB München;https://reise.isgv.de/logs/Q109943988
Neues Handbuch für Reisende jeder Gattung durch Deutschland und die angränzenden Länder;Johann Christian Fick;1809;Kein Eintrag vorhanden;522;BSB München;https://reise.isgv.de/logs/Q109943953
Neues Handbuch für Reisende jeder Gattung durch Deutschland und die angränzenden Länder;Johann Christian Fick;1809;Kein Eintrag vorhanden;522;BSB München;https://reise.isgv.de/logs/Q109943953
Neues Handbuch für Reisende jeder Gattung durch Deutschland und die angränzenden Länder;Johann Christian Fick;1809;Kein Eintrag vorhanden;522;BSB München;https://reise.isgv.de/logs/Q109943953
Neues Handbuch für Reisende jeder Gattung durch Deutschland und die angränzenden Länder;Johann Christian Fick;1809;Kein Eintrag vorhanden;522;BSB München;https://reise.isgv.de/logs/Q109943953
Neues Handbuch für Reisende jeder Gattung durch Deutschland und die angränzenden Länder;Johann Christian Fick;1809;Kein Eintrag vorhanden;522;BSB München;https://reise.isgv.de/logs/Q109943953
Neues Handbuch für Reisende jeder Gattung durch Deutschland und die angränzenden Länder;Johann Christian Fick;1809;Kein Eintrag vorhanden;522;BSB München;https://reise.isgv.de/logs/Q109943953
Reise mit der Armee im Jahre 1809;Otto August Rühle von Lilienstern;1810;1809;273;Kein Eintrag vorhanden;https://reise.isgv.de/logs/Q109944065
Reise mit der Armee im Jahre 1809;Otto August Rühle von Lilienstern;1810;1809;273;Kein Eintrag vorhanden;https://reise.isgv.de/logs/Q109944065
Meine Fußreisen im Jahre 1809 zur Zeit des österreichischen Krieges;Johann Gebhard Maaß;1810;1809;436;Kein Eintrag vorhanden;https://reise.isgv.de/logs/Q109944023
Meine Fußreisen im Jahre 1809 zur Zeit des österreichischen Krieges;Johann Gebhard Maaß;1810;1809;436;Kein Eintrag vorhanden;https://reise.isgv.de/logs/Q109944023
Meine Fußreisen im Jahre 1809 zur Zeit des österreichischen Krieges;Johann Gebhard Maaß;1810;1809;436;Kein Eintrag vorhanden;https://reise.isgv.de/logs/Q109944023
Reise durch Franken Baiern, Oesterreich, Preußen und Sachsen;Christian von Eggers;1810;Kein Eintrag vorhanden;500;SLUB Dresden;https://reise.isgv.de/logs/Q109943946
Durchflug eines Humoristen durch Deutschland, die Schweitz und das südliche Franckreich;Johann Friedrich Raupach;1811;1809 bis 1810;429;BSB München;https://reise.isgv.de/logs/Q109944051
Reise durch einen Theil von Sachsen und Dänemark in den letztverflossenen Jahren;Peter Treschow Hanson;1813;Kein Eintrag vorhanden;314;SLUB Dresden;https://reise.isgv.de/logs/Q109943981
Wanderung von St. Petersburg nach Paris im Jahre 1812 durch die deutsch-russischen Provinzen, durch Preussen, Sachsen, Oestreich, Baiern, Wirtemberg und die Rheinlande;Christian Müller;1814;1812;311;BnF;https://reise.isgv.de/logs/Q109944038
Wanderung von St. Petersburg nach Paris im Jahre 1812 durch die deutsch-russischen Provinzen, durch Preussen, Sachsen, Oestreich, Baiern, Wirtemberg und die Rheinlande;Christian Müller;1814;1812;311;BnF;https://reise.isgv.de/logs/Q109944038
Wanderung von St. Petersburg nach Paris im Jahre 1812 durch die deutsch-russischen Provinzen, durch Preussen, Sachsen, Oestreich, Baiern, Wirtemberg und die Rheinlande;Christian Müller;1814;1812;311;BnF;https://reise.isgv.de/logs/Q109944038
Meine Fußreise mit elf Zöglingen durch einen Theil Schlesiens, Böhmens, Sachsens und der Mark Brandenburg im Frühjahr 1814;August Stange;1815;1814;161;Kein Eintrag vorhanden;https://reise.isgv.de/logs/Q109944092
Vier Erholungs-Wochen oder Reise durch die neupreussischen Markgrafthümer, Nieder- und Oberlausitz;Kein Eintrag vorhanden;1816;Kein Eintrag vorhanden;251;ULB Münster;https://reise.isgv.de/logs/Q109944141
Vier Erholungs-Wochen oder Reise durch die neupreussischen Markgrafthümer, Nieder- und Oberlausitz;Kein Eintrag vorhanden;1816;Kein Eintrag vorhanden;251;ULB Münster;https://reise.isgv.de/logs/Q109944141
Reise durch Teutschland, Holland und Frankreich, die Schweiz und Italien in den Jahren 1797, 1803 und 1804;Pauline Dorothea Frisch;1816;1797 bis 1804;403;BSB München;https://reise.isgv.de/logs/Q109943968
Reise durch Teutschland, Holland und Frankreich, die Schweiz und Italien in den Jahren 1797, 1803 und 1804;Pauline Dorothea Frisch;1816;1797 bis 1804;403;BSB München;https://reise.isgv.de/logs/Q109943968
Auszüge aus der Brieftasche eines Rheinländers, seinen Durchflug durch Sachsen betreffend;Anton von Dziembowski;1816;Kein Eintrag vorhanden;45;Kein Eintrag vorhanden;https://reise.isgv.de/logs/Q109943942
Auszüge aus der Brieftasche eines Rheinländers, seinen Durchflug durch Sachsen betreffend;Anton von Dziembowski;1816;Kein Eintrag vorhanden;45;Kein Eintrag vorhanden;https://reise.isgv.de/logs/Q109943942
Auszüge aus der Brieftasche eines Rheinländers, seinen Durchflug durch Sachsen betreffend;Anton von Dziembowski;1816;Kein Eintrag vorhanden;45;Kein Eintrag vorhanden;https://reise.isgv.de/logs/Q109943942
Auszüge aus der Brieftasche eines Rheinländers, seinen Durchflug durch Sachsen betreffend;Anton von Dziembowski;1816;Kein Eintrag vorhanden;45;Kein Eintrag vorhanden;https://reise.isgv.de/logs/Q109943942
Merkwürdige Reise über Erlangen, Dreßden, Kassel und Fulda nach Hammelburg;Karl Heinrich von Lang;1817;Kein Eintrag vorhanden;87;BSB München;https://reise.isgv.de/logs/Q109944010
Beobachtungen bey meinem Aufenthalt in der Oberlausitz und auf einer Reise über Dresden nach Wittenberg im Jahre 1818;Johann Gebhard Maaß;1819;1818;188;SLUB Dresden;https://reise.isgv.de/logs/Q109944025
Beobachtungen bey meinem Aufenthalt in der Oberlausitz und auf einer Reise über Dresden nach Wittenberg im Jahre 1818;Johann Gebhard Maaß;1819;1818;188;SLUB Dresden;https://reise.isgv.de/logs/Q109944025
Beobachtungen bey meinem Aufenthalt in der Oberlausitz und auf einer Reise über Dresden nach Wittenberg im Jahre 1818;Johann Gebhard Maaß;1819;1818;188;SLUB Dresden;https://reise.isgv.de/logs/Q109944025
Reise durch Holstein, Hannover, Sachsen, Brandenburg, Mecklenburg und Lauenburg im Jahre 1817;Christian Martin David Jaegermann;1820;1817;110;Kein Eintrag vorhanden;https://reise.isgv.de/logs/Q109943993
Reise durch Holstein, Hannover, Sachsen, Brandenburg, Mecklenburg und Lauenburg im Jahre 1817;Christian Martin David Jaegermann;1820;1817;110;Kein Eintrag vorhanden;https://reise.isgv.de/logs/Q109943993
Reisen durch einige Theile von Deutschland, Polen, der Moldau und der Türkei. Ester Theil;Adam Neale;1820;Kein Eintrag vorhanden;178;SUB Göttingen;https://reise.isgv.de/logs/Q105102559
Reisen durch einige Theile von Deutschland, Polen, der Moldau und der Türkei. Ester Theil;Adam Neale;1820;Kein Eintrag vorhanden;178;SUB Göttingen;https://reise.isgv.de/logs/Q105102559
Der deutsche Wanderer;Ernst Heinrich Zober;1822;Kein Eintrag vorhanden;331;BSB München;https://reise.isgv.de/logs/Q109944121
Briefe an deutsche Freunde von einer Reise durch Italien über Sachsen, Böhmen, und Oestreich, 1820 und 1821 geschrieben und als Skizzen zum Gemälde unserer Zeit herausgegeben.;Wilhelm Christian Müller;1824;1820 bis 1821;490;BSB München;https://reise.isgv.de/logs/Q109590352
Reise durch die Königreiche Sachsen und Böhmen in den Jahren 1822 und 1823;Wilhelm Ferdinand Bischoff;1825;1822 bis 1823;243;SLUB Dresden;https://reise.isgv.de/logs/Q109943921
Reise durch die Königreiche Sachsen und Böhmen in den Jahren 1822 und 1823;Wilhelm Ferdinand Bischoff;1825;1822 bis 1823;243;SLUB Dresden;https://reise.isgv.de/logs/Q109943921
Reise durch die Königreiche Sachsen und Böhmen in den Jahren 1822 und 1823;Wilhelm Ferdinand Bischoff;1825;1822 bis 1823;243;SLUB Dresden;https://reise.isgv.de/logs/Q109943921
Wanderbilder. Gesammelt auf einer Reise von Wien über Dresden, Leipzig, Cassel nach Hamburg;Kein Eintrag vorhanden;1826;Kein Eintrag vorhanden;130;BSB München;https://reise.isgv.de/logs/Q109944167
Wanderbilder. Gesammelt auf einer Reise von Wien über Dresden, Leipzig, Cassel nach Hamburg;Kein Eintrag vorhanden;1826;Kein Eintrag vorhanden;130;BSB München;https://reise.isgv.de/logs/Q109944167
Wanderbilder. Gesammelt auf einer Reise von Wien über Dresden, Leipzig, Cassel nach Hamburg;Kein Eintrag vorhanden;1826;Kein Eintrag vorhanden;130;BSB München;https://reise.isgv.de/logs/Q109944167
Wanderbilder. Gesammelt auf einer Reise von Wien über Dresden, Leipzig, Cassel nach Hamburg;Kein Eintrag vorhanden;1826;Kein Eintrag vorhanden;130;BSB München;https://reise.isgv.de/logs/Q109944167
Wanderbilder. Gesammelt auf einer Reise von Wien über Dresden, Leipzig, Cassel nach Hamburg;Kein Eintrag vorhanden;1826;Kein Eintrag vorhanden;130;BSB München;https://reise.isgv.de/logs/Q109944167
Wanderbilder. Gesammelt auf einer Reise von Wien über Dresden, Leipzig, Cassel nach Hamburg;Kein Eintrag vorhanden;1826;Kein Eintrag vorhanden;130;BSB München;https://reise.isgv.de/logs/Q109944167
Reisen nach den vorzüglichsten Hauptstädten von Mittel-Europa. Eine Schilderung der Länder und Städte, ihrer Bewohner, Naturschönheiten, Sehenswürdigkeiten, u.s.w.;Christian Gottfried Daniel Stein;1827;Kein Eintrag vorhanden;368;BSB München;https://reise.isgv.de/logs/Q109944093
Reisen nach den vorzüglichsten Hauptstädten von Mittel-Europa. Eine Schilderung der Länder und Städte, ihrer Bewohner, Naturschönheiten, Sehenswürdigkeiten, u.s.w.;Christian Gottfried Daniel Stein;1827;Kein Eintrag vorhanden;368;BSB München;https://reise.isgv.de/logs/Q109944093
Reise durch Deutschland Ungarn, Holland, Italien, Frankreich, Großbritanien und Irland;Wilhelm von Horn;1831;Kein Eintrag vorhanden;432;BSB München;https://reise.isgv.de/logs/Q109943991
Skizzen einer Reise von Wien über Prag, Teplitz, Dresden, Berlin, Leipzig, Weimar, Frankfurt am Main, Darmstadt, Heidelberg, Mannheim, Karlsruhe, Stuttgart, München, Salzburg, Linz, und von dort nach Wien zurück;Johann Ludwig Deinhardstein;1831;Kein Eintrag vorhanden;192;BSB München;https://reise.isgv.de/logs/Q109943939
Skizzen einer Reise von Wien über Prag, Teplitz, Dresden, Berlin, Leipzig, Weimar, Frankfurt am Main, Darmstadt, Heidelberg, Mannheim, Karlsruhe, Stuttgart, München, Salzburg, Linz, und von dort nach Wien zurück;Johann Ludwig Deinhardstein;1831;Kein Eintrag vorhanden;192;BSB München;https://reise.isgv.de/logs/Q109943939
Philipp Hainhofers Reise-Tagebuch, enthaltend Schilderungen aus Franken, Sachsen, der Mark Brandenburg und Pommern im Jahr 1617;Philipp Hainhofer;1834;1617;160;DB Mecklenburg-Vorpommern;https://reise.isgv.de/logs/Q109943980
Sämmtliche Schriften, hrsg. von dessen Tochter Therese Forster und begleitet mit einer Charakteristik Forster’s von Georg Gottfried Gervinus;Georg Forster;1843;Kein Eintrag vorhanden;241;Kein Eintrag vorhanden;https://reise.isgv.de/logs/Q109943961
Sämmtliche Schriften, hrsg. von dessen Tochter Therese Forster und begleitet mit einer Charakteristik Forster’s von Georg Gottfried Gervinus;Georg Forster;1843;Kein Eintrag vorhanden;241;Kein Eintrag vorhanden;https://reise.isgv.de/logs/Q109943961
Reiseschatten von einem Ausfluge nach dem Harz, der Sächsischen Schweiz im Sommer 1831;Hans Christian Andersen;1847;1831;147;Kein Eintrag vorhanden;https://reise.isgv.de/logs/Q109943910
Reiseschatten von einem Ausfluge nach dem Harz, der Sächsischen Schweiz im Sommer 1831;Hans Christian Andersen;1847;1831;147;Kein Eintrag vorhanden;https://reise.isgv.de/logs/Q109943910
Ein Schwede reist nach Deutschland und Italien. Jugenderinnerungen eines romantischen Dichters und Kunstgelehrten aus den Jahren 1817 bis 1819.;Per Daniel Amadeus Atterbom;1867;1817 bis 1819;518;Kein Eintrag vorhanden;https://reise.isgv.de/logs/Q109943915
Eine Dichterreise vor 81 Jahren;Kein Eintrag vorhanden;1881;1800;2;Kein Eintrag vorhanden;https://reise.isgv.de/logs/Q109944140
Von Dresden nach Bremen im Jahre 1806;Margarethe Oelrichs;1881;1806;36;SuUB Bremen;https://reise.isgv.de/logs/Q109944041
Eine Reise von Dresden nach Warschau vor 80 Jahren;Kein Eintrag vorhanden;1887;1807;22;Kein Eintrag vorhanden;https://reise.isgv.de/logs/Q109944156
Friedrich Karl von Savignys sächsische Studienreise 1799 und 1800;Adolf Stoll;1889;1799 bis 1800;62;ULB Düsseldorf;https://reise.isgv.de/logs/Q109944096
Eine Reise durch Sachsen im Jahre 1802;D. A Lange;1897;1802;624;Kein Eintrag vorhanden;https://reise.isgv.de/logs/Q109944011
Eine Reise durch Sachsen im Jahre 1802;D. A Lange;1897;1802;624;Kein Eintrag vorhanden;https://reise.isgv.de/logs/Q109944011
Reise eines Jenenser Studenten nach Dresden und die Sächsische Schweiz im Jahre 1802;Kein Eintrag vorhanden;1898;1802;7;Kein Eintrag vorhanden;https://reise.isgv.de/logs/Q109944158
Meine Wanderungen durch Sachsen 1809;Theodor Körner;1899;1809;5;Kein Eintrag vorhanden;https://reise.isgv.de/logs/Q109944003
Reise durch Sachsen im Jahre 1813. Briefe Goethes an Christiane;Johann Wolfgang von Goethe;1899;1813;58;SLUB Dresden;https://reise.isgv.de/logs/Q109943974
Reise durch Sachsen im Jahre 1813. Briefe Goethes an Christiane;Johann Wolfgang von Goethe;1899;1813;58;SLUB Dresden;https://reise.isgv.de/logs/Q109943974
Reise durch Sachsen im Jahre 1813. Briefe Goethes an Christiane;Johann Wolfgang von Goethe;1899;1813;58;SLUB Dresden;https://reise.isgv.de/logs/Q109943974
Des Augsburger Patriciers Philipp Hainhofer Reisen nach Innsbruck und Dresden 1629;Philipp Hainhofer;1901;1629;309;Link;https://reise.isgv.de/logs/Q109943979
Chodowiecki in Dresden und Leipzig. Das Reisetagebuch des Künstlers vom 27. Oktober bis 15. November 1773;Daniel Chodowiecki;1916;1773 bis 1773;102;Kein Eintrag vorhanden;https://reise.isgv.de/logs/Q109943935
Boswells Große Reise. Deutschland und die Schweiz 1764;James Boswell;1953;1764;177;Kein Eintrag vorhanden;https://reise.isgv.de/logs/Q109943923
Tagebuch meiner Osterabreise aus Sachsen nach Pohlen, u. Preußen;Johann Gottlieb Fichte;1962;1780 bis 1791;390;Kein Eintrag vorhanden;https://reise.isgv.de/logs/Q109943951
Eine Reise durch Sachsen und Thüringen im Jahre 1588. Aus dem Tagebuch Karls des Älteren von Zerotin;Karl d. Ä. von Zerotin;1967;1588;15;Kein Eintrag vorhanden;https://reise.isgv.de/logs/Q109944119
Herzog von Württemberg, Tagebücher seiner Rayßen in den Jahren 1783-1791;Karl Eugen;1968;1783 bis 1791;401;Kein Eintrag vorhanden;https://reise.isgv.de/logs/Q109943933
Herzog von Württemberg, Tagebücher seiner Rayßen in den Jahren 1783-1791;Karl Eugen;1968;1783 bis 1791;401;Kein Eintrag vorhanden;https://reise.isgv.de/logs/Q109943933
Reise durch Deutschland und die Schweiz 1815/1816;Eduard Johann Assmuth;1976;1815 bis 1816;260;Link;https://reise.isgv.de/logs/Q109728957
Reise durch Deutschland und die Schweiz 1815/1816;Eduard Johann Assmuth;1976;1815 bis 1816;260;Link;https://reise.isgv.de/logs/Q109728957
Reise-Tagebuch vom Jahre 1822;Alice Schmilinsky;1994;1822;107;Kein Eintrag vorhanden;https://reise.isgv.de/logs/Q109944072
Reise-Tagebuch vom Jahre 1822;Alice Schmilinsky;1994;1822;107;Kein Eintrag vorhanden;https://reise.isgv.de/logs/Q109944072
'Ein Ort zu studieren, der seines gleichen nicht hat' - Leipzig um 1730 in den Tagebüchern des Königsberger Professors Christian Gabriel Fischer;Kein Eintrag vorhanden;2008;1730;Kein Eintrag vorhanden;Kein Eintrag vorhanden;https://reise.isgv.de/logs/Q109944175
'Ein Ort zu studieren, der seines gleichen nicht hat' - Leipzig um 1730 in den Tagebüchern des Königsberger Professors Christian Gabriel Fischer;Kein Eintrag vorhanden;2008;1730;Kein Eintrag vorhanden;Kein Eintrag vorhanden;https://reise.isgv.de/logs/Q109944175
Bericht über eine Reise in das Erzgebirge aus dem Jahre 1557;Kein Eintrag vorhanden;2008;1557;19;Kein Eintrag vorhanden;https://reise.isgv.de/logs/Q109944130
