Entity|historical spelling|Type|Link|latitude|longitude|geocode_query|geocode_status|Subfolder|SourceFileStem|distance_to_dresden_km|Index|Year|Title|Author|Travel Period|Pages|Full Page Count|Link_meta|Folder|Digitally Available at|Citable URL|Gender
Schloss und Vestung|Schloß und Vestung|Location|https://de.wikipedia.org/wiki/Schloss_Dresden|51.1675274|13.6795084|Schloss Moritzburg|ok|004_1606_Summarische_Verzeichnus_einer_Reyß,_so_der_…_Herr_Friderich_Hertzog_zu_Würtemberg_und_Teck_…_[et]c._|20|13.63459838511828|4|1606|Summarische Verzeichnus einer Reyß, so der … Herr Friderich Hertzog zu Würtemberg und Teck … [et]c. im Jahr Christi 1580 gethon|Gaspar Ens|Kein Eintrag vorhanden|Seite(n)12|320|https://diglib.hab.de/wdb.php?dir=drucke/gm-4947&pointer=19|004_1606_Summarische_Verzeichnus_einer_Reyß,_so_der_…_Herr_Friderich_Hertzog_zu_Würtemberg_und_Teck_…_[et]c._|BSB München|https://reise.isgv.de/logs/Q109943950|male
Alt‑Dresden|Alt-Dresden.|Location||51.049818|13.6989222|Alt‑Dresden|ok|008_1690_Denckwürdige_Reisebeschreibung_durch_Deutschland,_Italien,_Spanien,_Portugall,_Engeland,_Franckreich|1002|2.68345501748464|8|1690|Denckwürdige Reisebeschreibung durch Deutschland, Italien, Spanien, Portugall, Engeland, Franckreich und Schweitz|Peter Ambrosius Lehmann|Kein Eintrag vorhanden|Seite(n)1002-1065|528|https://www.digitale-sammlungen.de/de/view/bsb10467335?page=1048|008_1690_Denckwürdige_Reisebeschreibung_durch_Deutschland,_Italien,_Spanien,_Portugall,_Engeland,_Franckreich|SLUB Dresden|https://reise.isgv.de/logs/Q109944013|male
Haupt‑Bestung Dresden|Haupt‑Bestung|Location|https://de.wikipedia.org/wiki/Dresden|51.0403927|13.731467|Dresden Hauptbahnhof|ok|008_1690_Denckwürdige_Reisebeschreibung_durch_Deutschland,_Italien,_Spanien,_Portugall,_Engeland,_Franckreich|1002|1.1851259670367646|8|1690|Denckwürdige Reisebeschreibung durch Deutschland, Italien, Spanien, Portugall, Engeland, Franckreich und Schweitz|Peter Ambrosius Lehmann|Kein Eintrag vorhanden|Seite(n)1002-1065|528|https://www.digitale-sammlungen.de/de/view/bsb10467335?page=1048|008_1690_Denckwürdige_Reisebeschreibung_durch_Deutschland,_Italien,_Spanien,_Portugall,_Engeland,_Franckreich|SLUB Dresden|https://reise.isgv.de/logs/Q109944013|male
Dresdner Tore|Thore|Location|https://de.wikipedia.org/wiki/Dresdner_Tore|51.0594789|13.5583207|Dresdner Tor|ok|008_1690_Denckwürdige_Reisebeschreibung_durch_Deutschland,_Italien,_Spanien,_Portugall,_Engeland,_Franckreich|1004|12.550322873464589|8|1690|Denckwürdige Reisebeschreibung durch Deutschland, Italien, Spanien, Portugall, Engeland, Franckreich und Schweitz|Peter Ambrosius Lehmann|Kein Eintrag vorhanden|Seite(n)1002-1065|528|https://www.digitale-sammlungen.de/de/view/bsb10467335?page=1048|008_1690_Denckwürdige_Reisebeschreibung_durch_Deutschland,_Italien,_Spanien,_Portugall,_Engeland,_Franckreich|SLUB Dresden|https://reise.isgv.de/logs/Q109944013|male
Alt‑Dresden|Alt-Dres-den|Location|https://de.wikipedia.org/wiki/Alt-Dresden|51.049818|13.6989222|Alt‑Dresden|ok|008_1690_Denckwürdige_Reisebeschreibung_durch_Deutschland,_Italien,_Spanien,_Portugall,_Engeland,_Franckreich|1005|2.68345501748464|8|1690|Denckwürdige Reisebeschreibung durch Deutschland, Italien, Spanien, Portugall, Engeland, Franckreich und Schweitz|Peter Ambrosius Lehmann|Kein Eintrag vorhanden|Seite(n)1002-1065|528|https://www.digitale-sammlungen.de/de/view/bsb10467335?page=1048|008_1690_Denckwürdige_Reisebeschreibung_durch_Deutschland,_Italien,_Spanien,_Portugall,_Engeland,_Franckreich|SLUB Dresden|https://reise.isgv.de/logs/Q109944013|male
Schloss Dresden|Schlosse|Location|https://de.wikipedia.org/wiki/Dresdner_Schloss|51.0087637|13.8688717|Schloss Dresden|ok|008_1690_Denckwürdige_Reisebeschreibung_durch_Deutschland,_Italien,_Spanien,_Portugall,_Engeland,_Franckreich|1043|10.300291033070446|8|1690|Denckwürdige Reisebeschreibung durch Deutschland, Italien, Spanien, Portugall, Engeland, Franckreich und Schweitz|Peter Ambrosius Lehmann|Kein Eintrag vorhanden|Seite(n)1002-1065|528|https://www.digitale-sammlungen.de/de/view/bsb10467335?page=1048|008_1690_Denckwürdige_Reisebeschreibung_durch_Deutschland,_Italien,_Spanien,_Portugall,_Engeland,_Franckreich|SLUB Dresden|https://reise.isgv.de/logs/Q109944013|male
Dippoldiswalde|Dippoldis-walda|Place|https://de.wikipedia.org/wiki/Dippoldiswalde|50.8950479|13.6633335|Dippoldiswalde|ok|011_1735_Curieuse_Reise-Beschreibung_des_Herrn_Androphili|00000536.tif.original|18.034042343892846|11|1735|Curieuse Reise-Beschreibung des Herrn Androphili|Androphilus|Kein Eintrag vorhanden|Seite(n)534-544|782|https://digital.slub-dresden.de/werkansicht/dlf/3736/552|011_1735_Curieuse_Reise-Beschreibung_des_Herrn_Androphili|SLUB Dresden|https://reise.isgv.de/logs/Q109943920|male
Possendorf|Possendorff|Place|https://de.wikipedia.org/wiki/Possendorf_(Freital)|50.9671664|13.7115177|Possendorf|ok|011_1735_Curieuse_Reise-Beschreibung_des_Herrn_Androphili|00000536.tif.original|9.429312302737381|11|1735|Curieuse Reise-Beschreibung des Herrn Androphili|Androphilus|Kein Eintrag vorhanden|Seite(n)534-544|782|https://digital.slub-dresden.de/werkansicht/dlf/3736/552|011_1735_Curieuse_Reise-Beschreibung_des_Herrn_Androphili|SLUB Dresden|https://reise.isgv.de/logs/Q109943920|male
Rackenitz|Rackenitzischen|Location|https://de.wikipedia.org/wiki/Räcknitz|51.0251896|13.7333866|Räcknitz|ok|011_1735_Curieuse_Reise-Beschreibung_des_Herrn_Androphili|00000540.tif.original|2.8165950539817874|11|1735|Curieuse Reise-Beschreibung des Herrn Androphili|Androphilus|Kein Eintrag vorhanden|Seite(n)534-544|782|https://digital.slub-dresden.de/werkansicht/dlf/3736/552|011_1735_Curieuse_Reise-Beschreibung_des_Herrn_Androphili|SLUB Dresden|https://reise.isgv.de/logs/Q109943920|male
Ober‑Herrndorff|Ober-Herrndorff|Location||51.019936|13.5906341|Oberhermsdorf|ok|012_1735_Curieuse_Reise-Beschreibung_des_Herrn_Androphili|00000475.tif.original|10.800470931401506|12|1735|Curieuse Reise-Beschreibung des Herrn Androphili|Karl Ludwig von Pöllnitz|Kein Eintrag vorhanden|Seite(n)462-517|463|https://digital.slub-dresden.de/werkansicht/dlf/3736/480|012_1735_Curieuse_Reise-Beschreibung_des_Herrn_Androphili|BSB München|https://reise.isgv.de/logs/Q109944047|male
Nieder‑Herrnsdorff|Nieder-Herrnsdorff|Location||51.0221846|13.6157997|Niederhermsdorf|ok|012_1735_Curieuse_Reise-Beschreibung_des_Herrn_Androphili|00000475.tif.original|9.056423455140072|12|1735|Curieuse Reise-Beschreibung des Herrn Androphili|Karl Ludwig von Pöllnitz|Kein Eintrag vorhanden|Seite(n)462-517|463|https://digital.slub-dresden.de/werkansicht/dlf/3736/480|012_1735_Curieuse_Reise-Beschreibung_des_Herrn_Androphili|BSB München|https://reise.isgv.de/logs/Q109944047|male
Friedrichstadt (Dresden)|Friedrichstadt|Location|https://de.wikipedia.org/wiki/Friedrichstadt_(Dresden)|51.0588443|13.714757|Friedrichstadt (Dresden)|ok|012_1735_Curieuse_Reise-Beschreibung_des_Herrn_Androphili|00000481.tif.original|1.834202671588646|12|1735|Curieuse Reise-Beschreibung des Herrn Androphili|Karl Ludwig von Pöllnitz|Kein Eintrag vorhanden|Seite(n)462-517|463|https://digital.slub-dresden.de/werkansicht/dlf/3736/480|012_1735_Curieuse_Reise-Beschreibung_des_Herrn_Androphili|BSB München|https://reise.isgv.de/logs/Q109944047|male
St. Michael (Dresden)|Michaelis|Location|https://de.wikipedia.org/wiki/St._Michael_(Dresden)|51.0600005|13.7205839|St. Michael (Dresden)|ok|012_1735_Curieuse_Reise-Beschreibung_des_Herrn_Androphili|00000481.tif.original|1.5826156071075472|12|1735|Curieuse Reise-Beschreibung des Herrn Androphili|Karl Ludwig von Pöllnitz|Kein Eintrag vorhanden|Seite(n)462-517|463|https://digital.slub-dresden.de/werkansicht/dlf/3736/480|012_1735_Curieuse_Reise-Beschreibung_des_Herrn_Androphili|BSB München|https://reise.isgv.de/logs/Q109944047|male
Kreuzkirche|Creuz+Kirche|Location|https://de.wikipedia.org/wiki/Kreuzkirche_Dresden|51.0487258|13.7392255|Kreuzkirche|ok|012_1735_Curieuse_Reise-Beschreibung_des_Herrn_Androphili|00000481.tif.original|0.22972383500968407|12|1735|Curieuse Reise-Beschreibung des Herrn Androphili|Karl Ludwig von Pöllnitz|Kein Eintrag vorhanden|Seite(n)462-517|463|https://digital.slub-dresden.de/werkansicht/dlf/3736/480|012_1735_Curieuse_Reise-Beschreibung_des_Herrn_Androphili|BSB München|https://reise.isgv.de/logs/Q109944047|male
St. Anne's Church (Annenkirche)|Sct. Annen Kirch-hoff|Location|https://de.wikipedia.org/wiki/Annenkirche_(Dresden)|51.0487471|13.7274512|Annenkirche|ok|012_1735_Curieuse_Reise-Beschreibung_des_Herrn_Androphili|00000484.tif.original|0.7125673126432942|12|1735|Curieuse Reise-Beschreibung des Herrn Androphili|Karl Ludwig von Pöllnitz|Kein Eintrag vorhanden|Seite(n)462-517|463|https://digital.slub-dresden.de/werkansicht/dlf/3736/480|012_1735_Curieuse_Reise-Beschreibung_des_Herrn_Androphili|BSB München|https://reise.isgv.de/logs/Q109944047|male
Schloss (am Schlosse)|Schlosse|Location|https://de.wikipedia.org/wiki/Dresdner_Schloss|51.0087637|13.8688717|Schloss Dresden|ok|012_1735_Curieuse_Reise-Beschreibung_des_Herrn_Androphili|00000492.tif.original|10.300291033070446|12|1735|Curieuse Reise-Beschreibung des Herrn Androphili|Karl Ludwig von Pöllnitz|Kein Eintrag vorhanden|Seite(n)462-517|463|https://digital.slub-dresden.de/werkansicht/dlf/3736/480|012_1735_Curieuse_Reise-Beschreibung_des_Herrn_Androphili|BSB München|https://reise.isgv.de/logs/Q109944047|male
Pirnaisches Thor| Pirnaischen Thor|Location|https://de.wikipedia.org/wiki/Pirnaisches_Tor|51.047784|13.7449791|Pirnaisches Tor|ok|012_1735_Curieuse_Reise-Beschreibung_des_Herrn_Androphili|00000493.tif.original|0.6105430541126569|12|1735|Curieuse Reise-Beschreibung des Herrn Androphili|Karl Ludwig von Pöllnitz|Kein Eintrag vorhanden|Seite(n)462-517|463|https://digital.slub-dresden.de/werkansicht/dlf/3736/480|012_1735_Curieuse_Reise-Beschreibung_des_Herrn_Androphili|BSB München|https://reise.isgv.de/logs/Q109944047|male
Japanisches Palais|Japanische Palast|Location|https://de.wikipedia.org/wiki/Japanisches_Palais|51.0598716|13.737341|Japanisches Palais|ok|012_1735_Curieuse_Reise-Beschreibung_des_Herrn_Androphili|00000495.tif.original|1.053199220547425|12|1735|Curieuse Reise-Beschreibung des Herrn Androphili|Karl Ludwig von Pöllnitz|Kein Eintrag vorhanden|Seite(n)462-517|463|https://digital.slub-dresden.de/werkansicht/dlf/3736/480|012_1735_Curieuse_Reise-Beschreibung_des_Herrn_Androphili|BSB München|https://reise.isgv.de/logs/Q109944047|male
Alt‑Dresden|Dresden|Location|https://de.wikipedia.org/wiki/Altstadt_Dresden|51.049818|13.6989222|Alt‑Dresden|ok|015_1740_Neueste_Reisen_durch_Deutschland,_Böhmen,_Ungarn,_die_Schweitz,_Italien_und_Lothringen|1054|2.68345501748464|15|1740|Neueste Reisen durch Deutschland, Böhmen, Ungarn, die Schweitz, Italien und Lothringen|Johann Andreas Silbermann|1741|Seite(n)1052-1097|438|https://www.digitale-sammlungen.de/de/view/bsb11211808?page=1022|015_1740_Neueste_Reisen_durch_Deutschland,_Böhmen,_Ungarn,_die_Schweitz,_Italien_und_Lothringen|SLUB Dresden|https://reise.isgv.de/logs/Q109944172|male
Königl. Lust‑Schlosse|Königl. Lust-Schlosse|Location|https://de.wikipedia.org/wiki/Schloss_Pillnitz|51.0087637|13.8688717|Schloss Pillnitz|ok|015_1740_Neueste_Reisen_durch_Deutschland,_Böhmen,_Ungarn,_die_Schweitz,_Italien_und_Lothringen|1078|10.300291033070446|15|1740|Neueste Reisen durch Deutschland, Böhmen, Ungarn, die Schweitz, Italien und Lothringen|Johann Andreas Silbermann|1741|Seite(n)1052-1097|438|https://www.digitale-sammlungen.de/de/view/bsb11211808?page=1022|015_1740_Neueste_Reisen_durch_Deutschland,_Böhmen,_Ungarn,_die_Schweitz,_Italien_und_Lothringen|SLUB Dresden|https://reise.isgv.de/logs/Q109944172|male
Arsenal (Dresden)|Arsenal|Location|https://de.wikipedia.org/wiki/Arsenal_(Dresden)|51.0768948|13.7595723|Arsenal (Dresden)|ok|015_1740_Neueste_Reisen_durch_Deutschland,_Böhmen,_Ungarn,_die_Schweitz,_Italien_und_Lothringen|1084|3.3319496779741935|15|1740|Neueste Reisen durch Deutschland, Böhmen, Ungarn, die Schweitz, Italien und Lothringen|Johann Andreas Silbermann|1741|Seite(n)1052-1097|438|https://www.digitale-sammlungen.de/de/view/bsb11211808?page=1022|015_1740_Neueste_Reisen_durch_Deutschland,_Böhmen,_Ungarn,_die_Schweitz,_Italien_und_Lothringen|SLUB Dresden|https://reise.isgv.de/logs/Q109944172|male
Japanisches Palais|Japanische Palast|Location|https://de.wikipedia.org/wiki/Japanisches_Palais|51.0598716|13.737341|Japanisches Palais|ok|015_1740_Neueste_Reisen_durch_Deutschland,_Böhmen,_Ungarn,_die_Schweitz,_Italien_und_Lothringen|1084|1.053199220547425|15|1740|Neueste Reisen durch Deutschland, Böhmen, Ungarn, die Schweitz, Italien und Lothringen|Johann Andreas Silbermann|1741|Seite(n)1052-1097|438|https://www.digitale-sammlungen.de/de/view/bsb11211808?page=1022|015_1740_Neueste_Reisen_durch_Deutschland,_Böhmen,_Ungarn,_die_Schweitz,_Italien_und_Lothringen|SLUB Dresden|https://reise.isgv.de/logs/Q109944172|male
Alt‑Dresden|Alt- und Neu- Dres-den|Location|https://de.wikipedia.org/wiki/Altstadt_(Dresden)|51.049818|13.6989222|Alt‑Dresden|ok|015_1740_Neueste_Reisen_durch_Deutschland,_Böhmen,_Ungarn,_die_Schweitz,_Italien_und_Lothringen|1084|2.68345501748464|15|1740|Neueste Reisen durch Deutschland, Böhmen, Ungarn, die Schweitz, Italien und Lothringen|Johann Andreas Silbermann|1741|Seite(n)1052-1097|438|https://www.digitale-sammlungen.de/de/view/bsb11211808?page=1022|015_1740_Neueste_Reisen_durch_Deutschland,_Böhmen,_Ungarn,_die_Schweitz,_Italien_und_Lothringen|SLUB Dresden|https://reise.isgv.de/logs/Q109944172|male
Japanisches Palais (Japanischer Palast)|Japanischen Pallaste|Location|https://de.wikipedia.org/wiki/Japanisches_Palais|51.0598716|13.737341|Japanisches Palais|ok|015_1740_Neueste_Reisen_durch_Deutschland,_Böhmen,_Ungarn,_die_Schweitz,_Italien_und_Lothringen|1087|1.053199220547425|15|1740|Neueste Reisen durch Deutschland, Böhmen, Ungarn, die Schweitz, Italien und Lothringen|Johann Andreas Silbermann|1741|Seite(n)1052-1097|438|https://www.digitale-sammlungen.de/de/view/bsb11211808?page=1022|015_1740_Neueste_Reisen_durch_Deutschland,_Böhmen,_Ungarn,_die_Schweitz,_Italien_und_Lothringen|SLUB Dresden|https://reise.isgv.de/logs/Q109944172|male
Garten der Orangerie|Orangerie|Location|https://de.wikipedia.org/wiki/Orangerie_(Dresden)|51.0546701|13.7294663|Garten der Orangerie|ok|015_1740_Neueste_Reisen_durch_Deutschland,_Böhmen,_Ungarn,_die_Schweitz,_Italien_und_Lothringen|1088|0.7247557732718765|15|1740|Neueste Reisen durch Deutschland, Böhmen, Ungarn, die Schweitz, Italien und Lothringen|Johann Andreas Silbermann|1741|Seite(n)1052-1097|438|https://www.digitale-sammlungen.de/de/view/bsb11211808?page=1022|015_1740_Neueste_Reisen_durch_Deutschland,_Böhmen,_Ungarn,_die_Schweitz,_Italien_und_Lothringen|SLUB Dresden|https://reise.isgv.de/logs/Q109944172|male
Dippoldiswalde|Dippoldiswalda,|Location|https://de.wikipedia.org/wiki/Dippoldiswalde|50.8950479|13.6633335|Dippoldiswalde|ok|015_1740_Neueste_Reisen_durch_Deutschland,_Böhmen,_Ungarn,_die_Schweitz,_Italien_und_Lothringen|1096|18.034042343892846|15|1740|Neueste Reisen durch Deutschland, Böhmen, Ungarn, die Schweitz, Italien und Lothringen|Johann Andreas Silbermann|1741|Seite(n)1052-1097|438|https://www.digitale-sammlungen.de/de/view/bsb11211808?page=1022|015_1740_Neueste_Reisen_durch_Deutschland,_Böhmen,_Ungarn,_die_Schweitz,_Italien_und_Lothringen|SLUB Dresden|https://reise.isgv.de/logs/Q109944172|male
Japanisches Palais|Japanische Palais|Location|https://de.wikipedia.org/wiki/Japanisches_Palais|51.0598716|13.737341|Japanisches Palais|ok|031_1782_Bemerkungen_über_verschiedene_Gegenstände_auf_einer_Reise_durch_einige_deutsche_Provinzen|172|1.053199220547425|31|1782|Bemerkungen über verschiedene Gegenstände auf einer Reise durch einige deutsche Provinzen|Wilhelm Gottlieb Becker|Kein Eintrag vorhanden|Seite(n)168-207|36|https://www.digitale-sammlungen.de/de/view/bsb10470130?page=188|031_1782_Bemerkungen_über_verschiedene_Gegenstände_auf_einer_Reise_durch_einige_deutsche_Provinzen|BSB München|https://reise.isgv.de/logs/Q109943918|male
Residenzschloss Dresden|Churfürstl. Schlosse|Location|https://de.wikipedia.org/wiki/Residenzschloss_Dresden|51.0525674|13.7366105|Residenzschloss Dresden|ok|031_1782_Bemerkungen_über_verschiedene_Gegenstände_auf_einer_Reise_durch_einige_deutsche_Provinzen|174|0.24577605419692458|31|1782|Bemerkungen über verschiedene Gegenstände auf einer Reise durch einige deutsche Provinzen|Wilhelm Gottlieb Becker|Kein Eintrag vorhanden|Seite(n)168-207|36|https://www.digitale-sammlungen.de/de/view/bsb10470130?page=188|031_1782_Bemerkungen_über_verschiedene_Gegenstände_auf_einer_Reise_durch_einige_deutsche_Provinzen|BSB München|https://reise.isgv.de/logs/Q109943918|male
Zwinger (Zwingergebäude)|Zwingergebäudes|Location|https://de.wikipedia.org/wiki/Zwinger_(Dresden)|51.0530296|13.7349775|Zwinger (Dresden)|ok|031_1782_Bemerkungen_über_verschiedene_Gegenstände_auf_einer_Reise_durch_einige_deutsche_Provinzen|184|0.33444218636878353|31|1782|Bemerkungen über verschiedene Gegenstände auf einer Reise durch einige deutsche Provinzen|Wilhelm Gottlieb Becker|Kein Eintrag vorhanden|Seite(n)168-207|36|https://www.digitale-sammlungen.de/de/view/bsb10470130?page=188|031_1782_Bemerkungen_über_verschiedene_Gegenstände_auf_einer_Reise_durch_einige_deutsche_Provinzen|BSB München|https://reise.isgv.de/logs/Q109943918|male
Japanisches Palais| Japanische Palais|Location|https://de.wikipedia.org/wiki/Japanisches_Palais|51.0598716|13.737341|Japanisches Palais|ok|031_1782_Bemerkungen_über_verschiedene_Gegenstände_auf_einer_Reise_durch_einige_deutsche_Provinzen|187|1.053199220547425|31|1782|Bemerkungen über verschiedene Gegenstände auf einer Reise durch einige deutsche Provinzen|Wilhelm Gottlieb Becker|Kein Eintrag vorhanden|Seite(n)168-207|36|https://www.digitale-sammlungen.de/de/view/bsb10470130?page=188|031_1782_Bemerkungen_über_verschiedene_Gegenstände_auf_einer_Reise_durch_einige_deutsche_Provinzen|BSB München|https://reise.isgv.de/logs/Q109943918|male
Pirnaischer Tor|Pirnaischen Thor,|Location|https://de.wikipedia.org/wiki/Pirnaischer_Tor|51.047784|13.7449791|Pirnaisches Tor|ok|031_1782_Bemerkungen_über_verschiedene_Gegenstände_auf_einer_Reise_durch_einige_deutsche_Provinzen|189|0.6105430541126569|31|1782|Bemerkungen über verschiedene Gegenstände auf einer Reise durch einige deutsche Provinzen|Wilhelm Gottlieb Becker|Kein Eintrag vorhanden|Seite(n)168-207|36|https://www.digitale-sammlungen.de/de/view/bsb10470130?page=188|031_1782_Bemerkungen_über_verschiedene_Gegenstände_auf_einer_Reise_durch_einige_deutsche_Provinzen|BSB München|https://reise.isgv.de/logs/Q109943918|male
Pirnaische Vorstadt|Pirnaischen Vorstadt,|Location|https://de.wikipedia.org/wiki/Pirnaische_Vorstadt|51.0489849|13.7495667|Pirnaische Vorstadt|ok|031_1782_Bemerkungen_über_verschiedene_Gegenstände_auf_einer_Reise_durch_einige_deutsche_Provinzen|190|0.8717893368985024|31|1782|Bemerkungen über verschiedene Gegenstände auf einer Reise durch einige deutsche Provinzen|Wilhelm Gottlieb Becker|Kein Eintrag vorhanden|Seite(n)168-207|36|https://www.digitale-sammlungen.de/de/view/bsb10470130?page=188|031_1782_Bemerkungen_über_verschiedene_Gegenstände_auf_einer_Reise_durch_einige_deutsche_Provinzen|BSB München|https://reise.isgv.de/logs/Q109943918|male
Großer Garten (Dresden)|grossen Garten|Location|https://de.wikipedia.org/wiki/Großer_Garten_(Dresden)|51.0370109|13.7673639|Großer Garten (Dresden)|ok|031_1782_Bemerkungen_über_verschiedene_Gegenstände_auf_einer_Reise_durch_einige_deutsche_Provinzen|190|2.5756810819047247|31|1782|Bemerkungen über verschiedene Gegenstände auf einer Reise durch einige deutsche Provinzen|Wilhelm Gottlieb Becker|Kein Eintrag vorhanden|Seite(n)168-207|36|https://www.digitale-sammlungen.de/de/view/bsb10470130?page=188|031_1782_Bemerkungen_über_verschiedene_Gegenstände_auf_einer_Reise_durch_einige_deutsche_Provinzen|BSB München|https://reise.isgv.de/logs/Q109943918|male
Schloss (Residenzschloss Dresden)|Schlosse|Location|https://de.wikipedia.org/wiki/Residenzschloss_(Dresden)|51.0525674|13.7366105|Residenzschloss Dresden|ok|031_1782_Bemerkungen_über_verschiedene_Gegenstände_auf_einer_Reise_durch_einige_deutsche_Provinzen|196|0.24577605419692458|31|1782|Bemerkungen über verschiedene Gegenstände auf einer Reise durch einige deutsche Provinzen|Wilhelm Gottlieb Becker|Kein Eintrag vorhanden|Seite(n)168-207|36|https://www.digitale-sammlungen.de/de/view/bsb10470130?page=188|031_1782_Bemerkungen_über_verschiedene_Gegenstände_auf_einer_Reise_durch_einige_deutsche_Provinzen|BSB München|https://reise.isgv.de/logs/Q109943918|male
Elbbrücke|Elbe=Brücke|Location|https://de.wikipedia.org/wiki/Elbbr%C3%BCcke_(Dresden)|51.0732633|13.6722252|Elbebrücke (Dresden)|ok|031_1782_Bemerkungen_über_verschiedene_Gegenstände_auf_einer_Reise_durch_einige_deutsche_Provinzen|198|5.210057408834762|31|1782|Bemerkungen über verschiedene Gegenstände auf einer Reise durch einige deutsche Provinzen|Wilhelm Gottlieb Becker|Kein Eintrag vorhanden|Seite(n)168-207|36|https://www.digitale-sammlungen.de/de/view/bsb10470130?page=188|031_1782_Bemerkungen_über_verschiedene_Gegenstände_auf_einer_Reise_durch_einige_deutsche_Provinzen|BSB München|https://reise.isgv.de/logs/Q109943918|male
Großer Garten (Dresden)|Garte|Location|https://de.wikipedia.org/wiki/Gro%C3%9Fer_Garten_(Dresden)|51.0370109|13.7673639|Großer Garten (Dresden)|ok|031_1782_Bemerkungen_über_verschiedene_Gegenstände_auf_einer_Reise_durch_einige_deutsche_Provinzen|200|2.5756810819047247|31|1782|Bemerkungen über verschiedene Gegenstände auf einer Reise durch einige deutsche Provinzen|Wilhelm Gottlieb Becker|Kein Eintrag vorhanden|Seite(n)168-207|36|https://www.digitale-sammlungen.de/de/view/bsb10470130?page=188|031_1782_Bemerkungen_über_verschiedene_Gegenstände_auf_einer_Reise_durch_einige_deutsche_Provinzen|BSB München|https://reise.isgv.de/logs/Q109943918|male
Weißeritz|Weisseritz,|Location|https://de.wikipedia.org/wiki/Weißeritz|51.0191561|13.677797|Weißeritz|ok|031_1782_Bemerkungen_über_verschiedene_Gegenstände_auf_einer_Reise_durch_einige_deutsche_Provinzen|203|5.420478851941373|31|1782|Bemerkungen über verschiedene Gegenstände auf einer Reise durch einige deutsche Provinzen|Wilhelm Gottlieb Becker|Kein Eintrag vorhanden|Seite(n)168-207|36|https://www.digitale-sammlungen.de/de/view/bsb10470130?page=188|031_1782_Bemerkungen_über_verschiedene_Gegenstände_auf_einer_Reise_durch_einige_deutsche_Provinzen|BSB München|https://reise.isgv.de/logs/Q109943918|male
Schlossre Sed-Uxy|Schlossre Sed-Uxy|Location||50.9596199|13.8845936|Schloss Sedlitz|ok|032_1782_Reise_von_Dresden_nach_Teplitz_in_Böhmen|29|14.426033468037668|32|1782|Reise von Dresden nach Teplitz in Böhmen|Kein Eintrag vorhanden|Kein Eintrag vorhanden|Seite(n)29|136|https://www.digitale-sammlungen.de/de/view/bsb10008768?page=41|032_1782_Reise_von_Dresden_nach_Teplitz_in_Böhmen|ULB Halle|https://reise.isgv.de/logs/Q109944151|male
Schlosskirche (Dresden)|Schlosskirche,|Location|https://de.wikipedia.org/wiki/Schlosskirche_(Dresden)|50.9875398|13.8088057|Schlosskirche (Dresden)|ok|046_1785_Beschreibung_seiner_Reise_durch_Ober-_und_Nieder-Sachsen_und_Hessen|00000112.tif.original|8.594989323551241|46|1785|Beschreibung seiner Reise durch Ober- und Nieder-Sachsen und Hessen|Kein Eintrag vorhanden|1783|Seite(n)111-139|236|https://digital.slub-dresden.de/werkansicht/dlf/55914/125|046_1785_Beschreibung_seiner_Reise_durch_Ober-_und_Nieder-Sachsen_und_Hessen|Kein Eintrag vorhanden|https://reise.isgv.de/logs/Q109944123|male
Semperoper|Opernhaus,|Location|https://de.wikipedia.org/wiki/Semperoper|51.0545399|13.7352265|Semperoper|ok|046_1785_Beschreibung_seiner_Reise_durch_Ober-_und_Nieder-Sachsen_und_Hessen|00000126.tif.original|0.48261322474205404|46|1785|Beschreibung seiner Reise durch Ober- und Nieder-Sachsen und Hessen|Kein Eintrag vorhanden|1783|Seite(n)111-139|236|https://digital.slub-dresden.de/werkansicht/dlf/55914/125|046_1785_Beschreibung_seiner_Reise_durch_Ober-_und_Nieder-Sachsen_und_Hessen|Kein Eintrag vorhanden|https://reise.isgv.de/logs/Q109944123|male
Gemäldegalerie Alte Meister|Bildergal-lerie,|Location|https://de.wikipedia.org/wiki/Gem%C3%A4ldegalerie_Alte_Meister|51.0534657|13.7346385|Gemäldegalerie Alte Meister|ok|046_1785_Beschreibung_seiner_Reise_durch_Ober-_und_Nieder-Sachsen_und_Hessen|00000126.tif.original|0.3883502909329909|46|1785|Beschreibung seiner Reise durch Ober- und Nieder-Sachsen und Hessen|Kein Eintrag vorhanden|1783|Seite(n)111-139|236|https://digital.slub-dresden.de/werkansicht/dlf/55914/125|046_1785_Beschreibung_seiner_Reise_durch_Ober-_und_Nieder-Sachsen_und_Hessen|Kein Eintrag vorhanden|https://reise.isgv.de/logs/Q109944123|male
Altstadt (Dresden)|Altstadt|Location|https://de.wikipedia.org/wiki/Altstadt_(Dresden)|51.0523842|13.7381876|Altstadt (Dresden)|ok|046_1785_Beschreibung_seiner_Reise_durch_Ober-_und_Nieder-Sachsen_und_Hessen|00000126.tif.original|0.22919071582787018|46|1785|Beschreibung seiner Reise durch Ober- und Nieder-Sachsen und Hessen|Kein Eintrag vorhanden|1783|Seite(n)111-139|236|https://digital.slub-dresden.de/werkansicht/dlf/55914/125|046_1785_Beschreibung_seiner_Reise_durch_Ober-_und_Nieder-Sachsen_und_Hessen|Kein Eintrag vorhanden|https://reise.isgv.de/logs/Q109944123|male
St. Georg (Dresden)|St. Georg|Location|https://de.wikipedia.org/wiki/St._Georg_(Dresden)|51.046982|13.7603427|St. Georg (Dresden)|ok|046_1785_Beschreibung_seiner_Reise_durch_Ober-_und_Nieder-Sachsen_und_Hessen|00000131.tif.original|1.6550050548930628|46|1785|Beschreibung seiner Reise durch Ober- und Nieder-Sachsen und Hessen|Kein Eintrag vorhanden|1783|Seite(n)111-139|236|https://digital.slub-dresden.de/werkansicht/dlf/55914/125|046_1785_Beschreibung_seiner_Reise_durch_Ober-_und_Nieder-Sachsen_und_Hessen|Kein Eintrag vorhanden|https://reise.isgv.de/logs/Q109944123|male
Jägerhof|Jägerhofe|Location|https://de.wikipedia.org/wiki/Jägerhof_(Dresden)|51.0577875|13.7438688|Jägerhof|ok|046_1785_Beschreibung_seiner_Reise_durch_Ober-_und_Nieder-Sachsen_und_Hessen|00000138.tif.original|0.9410565097750583|46|1785|Beschreibung seiner Reise durch Ober- und Nieder-Sachsen und Hessen|Kein Eintrag vorhanden|1783|Seite(n)111-139|236|https://digital.slub-dresden.de/werkansicht/dlf/55914/125|046_1785_Beschreibung_seiner_Reise_durch_Ober-_und_Nieder-Sachsen_und_Hessen|Kein Eintrag vorhanden|https://reise.isgv.de/logs/Q109944123|male
Alt‑dresden|Dresden|Location|https://de.wikipedia.org/wiki/Altstadt_(Dresden)|51.049818|13.6989222|Alt‑dresden|ok|049_1786_Kleine_Wanderungen_durch_Teutschland|147|2.68345501748464|49|1786|Kleine Wanderungen durch Teutschland|Christian Gottfried Klose|Kein Eintrag vorhanden|Seite(n)142-220|156|https://www.digitale-sammlungen.de/de/view/bsb10468145?page=146|049_1786_Kleine_Wanderungen_durch_Teutschland|BSB München|https://reise.isgv.de/logs/Q109944000|male
Neustädter Markt|Markt|Location|https://de.wikipedia.org/wiki/Neustädter_Markt_(Dresden)|51.0582347|13.7414251|Neustädter Markt|ok|049_1786_Kleine_Wanderungen_durch_Teutschland|151|0.9176526061794544|49|1786|Kleine Wanderungen durch Teutschland|Christian Gottfried Klose|Kein Eintrag vorhanden|Seite(n)142-220|156|https://www.digitale-sammlungen.de/de/view/bsb10468145?page=146|049_1786_Kleine_Wanderungen_durch_Teutschland|BSB München|https://reise.isgv.de/logs/Q109944000|male
Weißeritz|Weiß-seritz|Location|https://de.wikipedia.org/wiki/Weißeritz|51.0191561|13.677797|Weißeritz|ok|049_1786_Kleine_Wanderungen_durch_Teutschland|157|5.420478851941373|49|1786|Kleine Wanderungen durch Teutschland|Christian Gottfried Klose|Kein Eintrag vorhanden|Seite(n)142-220|156|https://www.digitale-sammlungen.de/de/view/bsb10468145?page=146|049_1786_Kleine_Wanderungen_durch_Teutschland|BSB München|https://reise.isgv.de/logs/Q109944000|male
Brühlscher Garten|Brühlschen Garten|Location|https://de.wikipedia.org/wiki/Brühlscher_Garten|51.0528256|13.7449443|Brühlscher Garten|ok|049_1786_Kleine_Wanderungen_durch_Teutschland|157|0.598545920766925|49|1786|Kleine Wanderungen durch Teutschland|Christian Gottfried Klose|Kein Eintrag vorhanden|Seite(n)142-220|156|https://www.digitale-sammlungen.de/de/view/bsb10468145?page=146|049_1786_Kleine_Wanderungen_durch_Teutschland|BSB München|https://reise.isgv.de/logs/Q109944000|male
Brühlschen Garten|Brühlschen Gar- ten|Location||51.0521957|13.7452865|Brühlschen Garten|ok|049_1786_Kleine_Wanderungen_durch_Teutschland|158|0.5928902758133366|49|1786|Kleine Wanderungen durch Teutschland|Christian Gottfried Klose|Kein Eintrag vorhanden|Seite(n)142-220|156|https://www.digitale-sammlungen.de/de/view/bsb10468145?page=146|049_1786_Kleine_Wanderungen_durch_Teutschland|BSB München|https://reise.isgv.de/logs/Q109944000|male
Japanisches Palais|Japanische Palais|Location|https://de.wikipedia.org/wiki/Japanisches_Palais|51.0598716|13.737341|Japanisches Palais|ok|050_1786_Briefe_über_Sachsen_von_einem_Reisenden|68|1.053199220547425|50|1786|Briefe über Sachsen von einem Reisenden|Christian Gottfried Klose|Kein Eintrag vorhanden|Seite(n)59-68|156|https://www.digitale-sammlungen.de/de/view/bsb10466437?q=%28Briefe+%C3%BCber+Sachsen+von+einem+Reisenden%29&page=62,63|050_1786_Briefe_über_Sachsen_von_einem_Reisenden|BSB München|https://reise.isgv.de/logs/Q109944000|male
Dresden| Dresdens.|Location|https://de.wikipedia.org/wiki/Dresden|51.0493286|13.7381437|Dresden|ok|051_1786_Briefe_über_Sachsen_von_einem_Reisenden|55|0.13293315314514328|51|1786|Briefe über Sachsen von einem Reisenden|Christian Gottfried Klose|Kein Eintrag vorhanden|Seite(n)54-56|156|https://www.digitale-sammlungen.de/de/view/bsb10466437?q=%28Briefe+%C3%BCber+Sachsen+von+einem+Reisenden%29&page=58,59|051_1786_Briefe_über_Sachsen_von_einem_Reisenden|BSB München|https://reise.isgv.de/logs/Q109944000|male
Weißer Hirsch|weisse Hirsch,|Location|https://de.wikipedia.org/wiki/Jagdschloss_Weißer_Hirsch|51.0641586|13.8226878|Weißer Hirsch|ok|055_1786_Briefe_über_Sachsen_von_einem_Reisenden|44|6.16080823101725|55|1786|Briefe über Sachsen von einem Reisenden|Christian Gottfried Klose|Kein Eintrag vorhanden|Seite(n)16-68|156|https://www.digitale-sammlungen.de/de/view/bsb10466437?q=%28Briefe+%C3%BCber+Sachsen+von+einem+Reisenden%29&page=20,21|055_1786_Briefe_über_Sachsen_von_einem_Reisenden|BSB München|https://reise.isgv.de/logs/Q109944000|male
Weißer Hirsch|weißen Hirsch|Location|https://de.wikipedia.org/wiki/Weißer_Hirsch_(Dresden)|51.0641586|13.8226878|Weißer Hirsch|ok|055_1786_Briefe_über_Sachsen_von_einem_Reisenden|45|6.16080823101725|55|1786|Briefe über Sachsen von einem Reisenden|Christian Gottfried Klose|Kein Eintrag vorhanden|Seite(n)16-68|156|https://www.digitale-sammlungen.de/de/view/bsb10466437?q=%28Briefe+%C3%BCber+Sachsen+von+einem+Reisenden%29&page=20,21|055_1786_Briefe_über_Sachsen_von_einem_Reisenden|BSB München|https://reise.isgv.de/logs/Q109944000|male
Großer Garten|Garten|Location|https://de.wikipedia.org/wiki/Gro%C3%9Fer_Garten|51.0370109|13.7673639|Großer Garten|ok|055_1786_Briefe_über_Sachsen_von_einem_Reisenden|55|2.5756810819047247|55|1786|Briefe über Sachsen von einem Reisenden|Christian Gottfried Klose|Kein Eintrag vorhanden|Seite(n)16-68|156|https://www.digitale-sammlungen.de/de/view/bsb10466437?q=%28Briefe+%C3%BCber+Sachsen+von+einem+Reisenden%29&page=20,21|055_1786_Briefe_über_Sachsen_von_einem_Reisenden|BSB München|https://reise.isgv.de/logs/Q109944000|male
Japanisches Palais|Japanische Palais|Location|https://de.wikipedia.org/wiki/Japanisches_Palais|51.0598716|13.737341|Japanisches Palais|ok|055_1786_Briefe_über_Sachsen_von_einem_Reisenden|67|1.053199220547425|55|1786|Briefe über Sachsen von einem Reisenden|Christian Gottfried Klose|Kein Eintrag vorhanden|Seite(n)16-68|156|https://www.digitale-sammlungen.de/de/view/bsb10466437?q=%28Briefe+%C3%BCber+Sachsen+von+einem+Reisenden%29&page=20,21|055_1786_Briefe_über_Sachsen_von_einem_Reisenden|BSB München|https://reise.isgv.de/logs/Q109944000|male
Frauen‑Kirche (Frauenkirche Dresden)|Frauen-Kirche.|Location|https://de.wikipedia.org/wiki/Frauenkirche_Dresden|51.051957|13.7416198|Frauenkirche Dresden|ok|059_1787_Reise_von_Wien_über_Prag,_Dresden_und_durch_einen_Theil_der_Lausitz_nach_Berlin_und_Potsdam|00000028.tif.original|0.34806721038579985|59|1787|Reise von Wien über Prag, Dresden und durch einen Theil der Lausitz nach Berlin und Potsdam|Hester Thrale|Kein Eintrag vorhanden|Seite(n)13-49|413|https://digital.slub-dresden.de/werkansicht/dlf/55644/27|059_1787_Reise_von_Wien_über_Prag,_Dresden_und_durch_einen_Theil_der_Lausitz_nach_Berlin_und_Potsdam|BSB München|https://reise.isgv.de/logs/Q109944043|female
Kurfürstl. Schloß (Residenzschloss Dresden)|Schlosse|Location|https://de.wikipedia.org/wiki/Residenzschloss_Dresden|51.0525674|13.7366105|Residenzschloss Dresden|ok|059_1787_Reise_von_Wien_über_Prag,_Dresden_und_durch_einen_Theil_der_Lausitz_nach_Berlin_und_Potsdam|00000028.tif.original|0.24577605419692458|59|1787|Reise von Wien über Prag, Dresden und durch einen Theil der Lausitz nach Berlin und Potsdam|Hester Thrale|Kein Eintrag vorhanden|Seite(n)13-49|413|https://digital.slub-dresden.de/werkansicht/dlf/55644/27|059_1787_Reise_von_Wien_über_Prag,_Dresden_und_durch_einen_Theil_der_Lausitz_nach_Berlin_und_Potsdam|BSB München|https://reise.isgv.de/logs/Q109944043|female
Rüst‑Kammer|Rüst-Kammer|Location||51.0525437|13.7374376|Rüstkammer|ok|059_1787_Reise_von_Wien_über_Prag,_Dresden_und_durch_einen_Theil_der_Lausitz_nach_Berlin_und_Potsdam|00000036.tif.original|0.238562861861314|59|1787|Reise von Wien über Prag, Dresden und durch einen Theil der Lausitz nach Berlin und Potsdam|Hester Thrale|Kein Eintrag vorhanden|Seite(n)13-49|413|https://digital.slub-dresden.de/werkansicht/dlf/55644/27|059_1787_Reise_von_Wien_über_Prag,_Dresden_und_durch_einen_Theil_der_Lausitz_nach_Berlin_und_Potsdam|BSB München|https://reise.isgv.de/logs/Q109944043|female
Schloss Dresden|Schlosse|Location|https://de.wikipedia.org/wiki/Residenzschloss_Dresden|51.0087637|13.8688717|Schloss Dresden|ok|059_1787_Reise_von_Wien_über_Prag,_Dresden_und_durch_einen_Theil_der_Lausitz_nach_Berlin_und_Potsdam|00000045.tif.original|10.300291033070446|59|1787|Reise von Wien über Prag, Dresden und durch einen Theil der Lausitz nach Berlin und Potsdam|Hester Thrale|Kein Eintrag vorhanden|Seite(n)13-49|413|https://digital.slub-dresden.de/werkansicht/dlf/55644/27|059_1787_Reise_von_Wien_über_Prag,_Dresden_und_durch_einen_Theil_der_Lausitz_nach_Berlin_und_Potsdam|BSB München|https://reise.isgv.de/logs/Q109944043|female
Brühl (Dresden)|Brühlischen|Location|https://de.wikipedia.org/wiki/Brühl_(Dresden)|51.0534105|13.740608|Brühl (Dresden)|ok|062_1790_Bemerkungen_auf_einer_Reise_von_Thorn_durch_Posen_nach_Sachsen|00000107.tif.original|0.4068474779777621|62|1790|Bemerkungen auf einer Reise von Thorn durch Posen nach Sachsen|Johann Christoph Hornuff|Kein Eintrag vorhanden|Seite(n)106-122|192|https://digital.slub-dresden.de/werkansicht/dlf/1821/118|062_1790_Bemerkungen_auf_einer_Reise_von_Thorn_durch_Posen_nach_Sachsen|SLUB Dresden|https://reise.isgv.de/logs/Q109943992|male
Alten Markt|Markte|Location|https://de.wikipedia.org/wiki/Alter_Markt_(Dresden)|51.0332789|13.8944822|Alten Markt|ok|062_1790_Bemerkungen_auf_einer_Reise_von_Thorn_durch_Posen_nach_Sachsen|00000119.tif.original|11.152953614229626|62|1790|Bemerkungen auf einer Reise von Thorn durch Posen nach Sachsen|Johann Christoph Hornuff|Kein Eintrag vorhanden|Seite(n)106-122|192|https://digital.slub-dresden.de/werkansicht/dlf/1821/118|062_1790_Bemerkungen_auf_einer_Reise_von_Thorn_durch_Posen_nach_Sachsen|SLUB Dresden|https://reise.isgv.de/logs/Q109943992|male
Kreuzkirche (Dresden)|Kirche|Location|https://de.wikipedia.org/wiki/Kreuzkirche_(Dresden)|51.0487258|13.7392255|Kreuzkirche (Dresden)|ok|063_1790_Bemerkungen_auf_einer_Reise_von_Thorn_durch_Posen_nach_Sachsen|00000100.tif.original|0.22972383500968407|63|1790|Bemerkungen auf einer Reise von Thorn durch Posen nach Sachsen|Sophie Schwarz|Kein Eintrag vorhanden|Seite(n)83-104|175|https://digital.slub-dresden.de/werkansicht/dlf/1821/95|063_1790_Bemerkungen_auf_einer_Reise_von_Thorn_durch_Posen_nach_Sachsen|BSB München|https://reise.isgv.de/logs/Q109944081|female
Orangerie (Dresden)|Orangerie|Location|https://de.wikipedia.org/wiki/Orangerie_(Dresden)|51.0113011|13.8706167|Orangerie (Dresden)|ok|063_1790_Bemerkungen_auf_einer_Reise_von_Thorn_durch_Posen_nach_Sachsen|00000103.tif.original|10.286830617165387|63|1790|Bemerkungen auf einer Reise von Thorn durch Posen nach Sachsen|Sophie Schwarz|Kein Eintrag vorhanden|Seite(n)83-104|175|https://digital.slub-dresden.de/werkansicht/dlf/1821/95|063_1790_Bemerkungen_auf_einer_Reise_von_Thorn_durch_Posen_nach_Sachsen|BSB München|https://reise.isgv.de/logs/Q109944081|female
Plauenscher Grund|Plauenschen Grund, |Location|https://de.wikipedia.org/wiki/Plauenscher_Grund|51.0230112|13.699525|Plauenscher Grund|ok|063_1790_Bemerkungen_auf_einer_Reise_von_Thorn_durch_Posen_nach_Sachsen|00000104.tif.original|4.031320384215671|63|1790|Bemerkungen auf einer Reise von Thorn durch Posen nach Sachsen|Sophie Schwarz|Kein Eintrag vorhanden|Seite(n)83-104|175|https://digital.slub-dresden.de/werkansicht/dlf/1821/95|063_1790_Bemerkungen_auf_einer_Reise_von_Thorn_durch_Posen_nach_Sachsen|BSB München|https://reise.isgv.de/logs/Q109944081|female
Weiβeritz| Weiβeritz|Location|https://de.wikipedia.org/wiki/Wei%C3%9Fe_(Dresden)|51.0491791|13.7403411|Weiße (Dresden)|ok|063_1790_Bemerkungen_auf_einer_Reise_von_Thorn_durch_Posen_nach_Sachsen|00000104.tif.original|0.2522307416142645|63|1790|Bemerkungen auf einer Reise von Thorn durch Posen nach Sachsen|Sophie Schwarz|Kein Eintrag vorhanden|Seite(n)83-104|175|https://digital.slub-dresden.de/werkansicht/dlf/1821/95|063_1790_Bemerkungen_auf_einer_Reise_von_Thorn_durch_Posen_nach_Sachsen|BSB München|https://reise.isgv.de/logs/Q109944081|female
Japanisches Palais|Japanischen Pa-lais|Location|https://de.wikipedia.org/wiki/Japanisches_Palais|51.0598716|13.737341|Japanisches Palais|ok|072_1793_Briefe_eines_reisenden_Dänen._Geschrieben_im_Jahre_1791_und_1792_während_seiner_Reise_durch_einen_Th|62|1.053199220547425|72|1793|Briefe eines reisenden Dänen. Geschrieben im Jahre 1791 und 1792 während seiner Reise durch einen Theil Deutschlands, der Schweiz und Frankreichs|Frederik Sneedorff|1791 bis 1792|Seite(n)62-63|360|https://www.digitale-sammlungen.de/de/view/bsb10468214?page=70|072_1793_Briefe_eines_reisenden_Dänen._Geschrieben_im_Jahre_1791_und_1792_während_seiner_Reise_durch_einen_Th|BSB München|https://reise.isgv.de/logs/Q109944088|male
Japanisches Palais|Japanischen Palais,|Location|https://de.wikipedia.org/wiki/Japanisches_Palais|51.0598716|13.737341|Japanisches Palais|ok|073_1793_Briefe_eines_reisenden_Dänen._Geschrieben_im_Jahre_1791_und_1792_während_seiner_Reise_durch_einen_Th|58|1.053199220547425|73|1793|Briefe eines reisenden Dänen. Geschrieben im Jahre 1791 und 1792 während seiner Reise durch einen Theil Deutschlands, der Schweiz und Frankreichs|Frederik Sneedorff|1791 bis 1792|Seite(n)58-60|360|https://www.digitale-sammlungen.de/de/view/bsb10468214?page=66|073_1793_Briefe_eines_reisenden_Dänen._Geschrieben_im_Jahre_1791_und_1792_während_seiner_Reise_durch_einen_Th|BSB München|https://reise.isgv.de/logs/Q109944088|male
Japanisches Palais|Japanischen Palais|Location|https://de.wikipedia.org/wiki/Japanisches_Palais|51.0598716|13.737341|Japanisches Palais|ok|075_1793_Briefe_auf_einer_Reise_durch_Deutschland_im_Jahre_1791|199|1.053199220547425|75|1793|Briefe auf einer Reise durch Deutschland im Jahre 1791|Karl Martin Plümicke|1791|Seite(n)197-201|444|https://www.digitale-sammlungen.de/de/view/bsb11095835?page=215|075_1793_Briefe_auf_einer_Reise_durch_Deutschland_im_Jahre_1791|BSB München|https://reise.isgv.de/logs/Q109944045|male
Nieders Siegersdorf|Nieders Siegersdorf,|Location||50.9989308|13.8145926|Niedersedlitz|ok|076_1793_Briefe_auf_einer_Reise_durch_Deutschland_im_Jahre_1791|161|7.87257057816059|76|1793|Briefe auf einer Reise durch Deutschland im Jahre 1791|Karl Gottlob Köhler|Kein Eintrag vorhanden|Seite(n)154-197|259|https://www.digitale-sammlungen.de/de/view/bsb11095835?page=172|076_1793_Briefe_auf_einer_Reise_durch_Deutschland_im_Jahre_1791|Kein Eintrag vorhanden|https://reise.isgv.de/logs/Q109944002|male
Kurfürstliches Schloss Übigau|Schloß Uebigau,|Location|https://de.wikipedia.org/wiki/Schloss_Übigau|51.0694125|13.6987878|Schloss Übigau|ok|081_1795_Kleine_Wanderungen_durch_Sachsen_und_Brandenburg|00000085.tif.original|3.4225100130940564|81|1795|Kleine Wanderungen durch Sachsen und Brandenburg|Kein Eintrag vorhanden|Kein Eintrag vorhanden|Seite(n)66-102|435|https://digital.slub-dresden.de/werkansicht/dlf/69234/82|081_1795_Kleine_Wanderungen_durch_Sachsen_und_Brandenburg|SLUB Dresden|https://reise.isgv.de/logs/Q109944170|male
Friedrichstädter Allee| Friedrichstädter|Location||51.0603608|13.7278829|Friedrichstadt Allee|ok|081_1795_Kleine_Wanderungen_durch_Sachsen_und_Brandenburg|00000085.tif.original|1.2884031817075432|81|1795|Kleine Wanderungen durch Sachsen und Brandenburg|Kein Eintrag vorhanden|Kein Eintrag vorhanden|Seite(n)66-102|435|https://digital.slub-dresden.de/werkansicht/dlf/69234/82|081_1795_Kleine_Wanderungen_durch_Sachsen_und_Brandenburg|SLUB Dresden|https://reise.isgv.de/logs/Q109944170|male
Plauenscher Grund|Plauensche Grund|Location|https://de.wikipedia.org/wiki/Plauenscher_Grund|51.0230112|13.699525|Plauenscher Grund|ok|081_1795_Kleine_Wanderungen_durch_Sachsen_und_Brandenburg|00000088.tif.original|4.031320384215671|81|1795|Kleine Wanderungen durch Sachsen und Brandenburg|Kein Eintrag vorhanden|Kein Eintrag vorhanden|Seite(n)66-102|435|https://digital.slub-dresden.de/werkansicht/dlf/69234/82|081_1795_Kleine_Wanderungen_durch_Sachsen_und_Brandenburg|SLUB Dresden|https://reise.isgv.de/logs/Q109944170|male
Brühlischer Garten|Brühlischen Garten,|Location|https://de.wikipedia.org/wiki/Brühlischer_Garten|51.0528256|13.7449443|Brühlscher Garten|ok|082_1795_Kleine_Wanderungen_durch_Sachsen_und_Brandenburg|00000042.tif.original|0.598545920766925|82|1795|Kleine Wanderungen durch Sachsen und Brandenburg|Joachim Christoph Friedrich Schulz|Kein Eintrag vorhanden|Seite(n)23-48|1400|https://digital.slub-dresden.de/werkansicht/dlf/69234/39|082_1795_Kleine_Wanderungen_durch_Sachsen_und_Brandenburg|BBAW|https://reise.isgv.de/logs/Q109944078|male
Residenzschloss Dresden|Schloß|Location|https://de.wikipedia.org/wiki/Residenzschloss_Dresden|51.0525674|13.7366105|Residenzschloss Dresden|ok|082_1795_Kleine_Wanderungen_durch_Sachsen_und_Brandenburg|00000043.tif.original|0.24577605419692458|82|1795|Kleine Wanderungen durch Sachsen und Brandenburg|Joachim Christoph Friedrich Schulz|Kein Eintrag vorhanden|Seite(n)23-48|1400|https://digital.slub-dresden.de/werkansicht/dlf/69234/39|082_1795_Kleine_Wanderungen_durch_Sachsen_und_Brandenburg|BBAW|https://reise.isgv.de/logs/Q109944078|male
Rüstkammer|Rüste kammer.|Location||51.0525437|13.7374376|Rüstkammer|ok|082_1795_Kleine_Wanderungen_durch_Sachsen_und_Brandenburg|00000043.tif.original|0.238562861861314|82|1795|Kleine Wanderungen durch Sachsen und Brandenburg|Joachim Christoph Friedrich Schulz|Kein Eintrag vorhanden|Seite(n)23-48|1400|https://digital.slub-dresden.de/werkansicht/dlf/69234/39|082_1795_Kleine_Wanderungen_durch_Sachsen_und_Brandenburg|BBAW|https://reise.isgv.de/logs/Q109944078|male
Japanisches Palais|Japanische Palais|Location|https://de.wikipedia.org/wiki/Japanisches_Palais_(Dresden)|51.0598716|13.737341|Japanisches Palais|ok|082_1795_Kleine_Wanderungen_durch_Sachsen_und_Brandenburg|00000044.tif.original|1.053199220547425|82|1795|Kleine Wanderungen durch Sachsen und Brandenburg|Joachim Christoph Friedrich Schulz|Kein Eintrag vorhanden|Seite(n)23-48|1400|https://digital.slub-dresden.de/werkansicht/dlf/69234/39|082_1795_Kleine_Wanderungen_durch_Sachsen_und_Brandenburg|BBAW|https://reise.isgv.de/logs/Q109944078|male
Münzkabinet (Münzkabinett)|Münzkabinet.|Location|https://de.wikipedia.org/wiki/Dresdner_M%C3%BCnzkabinett|51.0530006|13.7382396|Münzkabinett|ok|082_1795_Kleine_Wanderungen_durch_Sachsen_und_Brandenburg|00000045.tif.original|0.29653849866314114|82|1795|Kleine Wanderungen durch Sachsen und Brandenburg|Joachim Christoph Friedrich Schulz|Kein Eintrag vorhanden|Seite(n)23-48|1400|https://digital.slub-dresden.de/werkansicht/dlf/69234/39|082_1795_Kleine_Wanderungen_durch_Sachsen_und_Brandenburg|BBAW|https://reise.isgv.de/logs/Q109944078|male
Schloss Pillnitz|Schlosses|Location|https://de.wikipedia.org/wiki/Schloss_Pillnitz|51.0087637|13.8688717|Schloss Pillnitz|ok|087_1795_Hans_Kiekindiewelts_Reisen_in_alle_vier_Weltteile_und_andere_Schriften|00000171.tif.original|10.300291033070446|87|1795|Hans Kiekindiewelts Reisen in alle vier Weltteile und andere Schriften|Georg Friedrich Rebmann|Kein Eintrag vorhanden|Seite(n)166-229|254|https://digital.slub-dresden.de/werkansicht/dlf/55979/172|087_1795_Hans_Kiekindiewelts_Reisen_in_alle_vier_Weltteile_und_andere_Schriften|SLUB Dresden|https://reise.isgv.de/logs/Q109944053|male
Japanisches Palais|Japanische Palais,|Location|https://de.wikipedia.org/wiki/Japanisches_Palais|51.0598716|13.737341|Japanisches Palais|ok|088_1795_Hans_Kiekindiewelts_Reisen_in_alle_vier_Weltteile_und_andere_Schriften|00000162.tif.original|1.053199220547425|88|1795|Hans Kiekindiewelts Reisen in alle vier Weltteile und andere Schriften|Georg Friedrich Rebmann|Kein Eintrag vorhanden|Seite(n)130-166|254|https://digital.slub-dresden.de/werkansicht/dlf/55979/136|088_1795_Hans_Kiekindiewelts_Reisen_in_alle_vier_Weltteile_und_andere_Schriften|SLUB Dresden|https://reise.isgv.de/logs/Q109944053|male
Großer Garten|grossen Garten,|Location|https://de.wikipedia.org/wiki/Großer_Garten_(Dresden)|51.0370109|13.7673639|Großer Garten|ok|088_1795_Hans_Kiekindiewelts_Reisen_in_alle_vier_Weltteile_und_andere_Schriften|00000162.tif.original|2.5756810819047247|88|1795|Hans Kiekindiewelts Reisen in alle vier Weltteile und andere Schriften|Georg Friedrich Rebmann|Kein Eintrag vorhanden|Seite(n)130-166|254|https://digital.slub-dresden.de/werkansicht/dlf/55979/136|088_1795_Hans_Kiekindiewelts_Reisen_in_alle_vier_Weltteile_und_andere_Schriften|SLUB Dresden|https://reise.isgv.de/logs/Q109944053|male
Plauenscher Grund|Plauenschen Grunde,|Location|https://de.wikipedia.org/wiki/Plauenscher_Grund|51.0230112|13.699525|Plauenscher Grund|ok|090_1795_Wanderungen_und_Kreuzzüge_durch_einen_Theil_Deutschlands|215|4.031320384215671|90|1795|Wanderungen und Kreuzzüge durch einen Theil Deutschlands|Georg Friedrich Rebmann|Kein Eintrag vorhanden|Seite(n)176-266|270|https://www.digitale-sammlungen.de/de/view/bsb10469118?page=176|090_1795_Wanderungen_und_Kreuzzüge_durch_einen_Theil_Deutschlands|BSB München|https://reise.isgv.de/logs/Q109944052|male
Japanisches Palais|Japanischen Palais|Location|https://de.wikipedia.org/wiki/Japanisches_Palais|51.0598716|13.737341|Japanisches Palais|ok|091_1795_Wanderungen_und_Kreuzzüge_durch_einen_Theil_Deutschlands|157|1.053199220547425|91|1795|Wanderungen und Kreuzzüge durch einen Theil Deutschlands|Georg Friedrich Rebmann|Kein Eintrag vorhanden|Seite(n)141-169|270|https://www.digitale-sammlungen.de/de/view/bsb10469118?page=141|091_1795_Wanderungen_und_Kreuzzüge_durch_einen_Theil_Deutschlands|BSB München|https://reise.isgv.de/logs/Q109944052|male
Brühlsche Terrasse (Brühl's Terrace)|Brüh-lichen Garten,|Place|https://en.wikipedia.org/wiki/Br%C3%BChlsche_Terrasse|51.0534105|13.740608|Brühlsche Terrasse|ok|091_1795_Wanderungen_und_Kreuzzüge_durch_einen_Theil_Deutschlands|162|0.4068474779777621|91|1795|Wanderungen und Kreuzzüge durch einen Theil Deutschlands|Georg Friedrich Rebmann|Kein Eintrag vorhanden|Seite(n)141-169|270|https://www.digitale-sammlungen.de/de/view/bsb10469118?page=141|091_1795_Wanderungen_und_Kreuzzüge_durch_einen_Theil_Deutschlands|BSB München|https://reise.isgv.de/logs/Q109944052|male
Japanisches Palais|Japanische Palais,|Location|https://de.wikipedia.org/wiki/Japanisches_Palais|51.0598716|13.737341|Japanisches Palais|ok|091_1795_Wanderungen_und_Kreuzzüge_durch_einen_Theil_Deutschlands|166|1.053199220547425|91|1795|Wanderungen und Kreuzzüge durch einen Theil Deutschlands|Georg Friedrich Rebmann|Kein Eintrag vorhanden|Seite(n)141-169|270|https://www.digitale-sammlungen.de/de/view/bsb10469118?page=141|091_1795_Wanderungen_und_Kreuzzüge_durch_einen_Theil_Deutschlands|BSB München|https://reise.isgv.de/logs/Q109944052|male
Großer Garten|großen Garten,|Location|https://de.wikipedia.org/wiki/Gro%C3%9Fer_Garten_(Dresden)|51.0370109|13.7673639|Großer Garten|ok|091_1795_Wanderungen_und_Kreuzzüge_durch_einen_Theil_Deutschlands|166|2.5756810819047247|91|1795|Wanderungen und Kreuzzüge durch einen Theil Deutschlands|Georg Friedrich Rebmann|Kein Eintrag vorhanden|Seite(n)141-169|270|https://www.digitale-sammlungen.de/de/view/bsb10469118?page=141|091_1795_Wanderungen_und_Kreuzzüge_durch_einen_Theil_Deutschlands|BSB München|https://reise.isgv.de/logs/Q109944052|male
Übigau|Uebigau.|Location|https://de.wikipedia.org/wiki/Übigau|51.0713098|13.6931327|Übigau|ok|091_1795_Wanderungen_und_Kreuzzüge_durch_einen_Theil_Deutschlands|169|3.8643718264329587|91|1795|Wanderungen und Kreuzzüge durch einen Theil Deutschlands|Georg Friedrich Rebmann|Kein Eintrag vorhanden|Seite(n)141-169|270|https://www.digitale-sammlungen.de/de/view/bsb10469118?page=141|091_1795_Wanderungen_und_Kreuzzüge_durch_einen_Theil_Deutschlands|BSB München|https://reise.isgv.de/logs/Q109944052|male
Japanisches Palais|Japanischen Palais|Location|https://de.wikipedia.org/wiki/Japanisches_Palais|51.0598716|13.737341|Japanisches Palais|ok|093_1795_Bemerkungen_auf_einer_Reise_von_Kopenhagen_nach_Wien_im_Jahr_1793|62|1.053199220547425|93|1795|Bemerkungen auf einer Reise von Kopenhagen nach Wien im Jahr 1793|Christian Weiß|1796 bis 1797|Seite(n)54-66|271|https://www.digitale-sammlungen.de/de/view/bsb10468856?page=58|093_1795_Bemerkungen_auf_einer_Reise_von_Kopenhagen_nach_Wien_im_Jahr_1793|ULB Münster|https://reise.isgv.de/logs/Q109944107|male
Zwinger|Zwingers|Location|https://de.wikipedia.org/wiki/Zwinger_(Dresden)|51.0530296|13.7349775|Zwinger|ok|093_1795_Bemerkungen_auf_einer_Reise_von_Kopenhagen_nach_Wien_im_Jahr_1793|63|0.33444218636878353|93|1795|Bemerkungen auf einer Reise von Kopenhagen nach Wien im Jahr 1793|Christian Weiß|1796 bis 1797|Seite(n)54-66|271|https://www.digitale-sammlungen.de/de/view/bsb10468856?page=58|093_1795_Bemerkungen_auf_einer_Reise_von_Kopenhagen_nach_Wien_im_Jahr_1793|ULB Münster|https://reise.isgv.de/logs/Q109944107|male
Großer Garten|große Garten,|Location|https://de.wikipedia.org/wiki/Gro%C3%9Fer_Garten_(Dresden)|51.0370109|13.7673639|Großer Garten|ok|093_1795_Bemerkungen_auf_einer_Reise_von_Kopenhagen_nach_Wien_im_Jahr_1793|65|2.5756810819047247|93|1795|Bemerkungen auf einer Reise von Kopenhagen nach Wien im Jahr 1793|Christian Weiß|1796 bis 1797|Seite(n)54-66|271|https://www.digitale-sammlungen.de/de/view/bsb10468856?page=58|093_1795_Bemerkungen_auf_einer_Reise_von_Kopenhagen_nach_Wien_im_Jahr_1793|ULB Münster|https://reise.isgv.de/logs/Q109944107|male
Augustusbrücke|Elbbücke|Location|https://de.wikipedia.org/wiki/Augustusbr%C3%BCcke_(Dresden)|51.0553921|13.7396386|Augustusbrücke|ok|098_1797_Reisen_und_merkwürdige_Nachrichten_zweier_Neufranken_durch_Deutschland,_Rußland,_Polen_und_die_Oeste|32|0.5786644740809868|98|1797|Reisen und merkwürdige Nachrichten zweier Neufranken durch Deutschland, Rußland, Polen und die Oesterreichischen Staaten während des jetzigen wichtigen Krieges|Friedrich Philipp Wilmsen|1796|Seite(n)30-53|376|https://www.digitale-sammlungen.de/de/view/bsb10469984?page=36|098_1797_Reisen_und_merkwürdige_Nachrichten_zweier_Neufranken_durch_Deutschland,_Rußland,_Polen_und_die_Oeste|BSB München|https://reise.isgv.de/logs/Q109944115|male
Zwinger|Zwingers|Location|https://de.wikipedia.org/wiki/Zwinger_(Dresden)|51.0530296|13.7349775|Zwinger|ok|100_1798_Erzählungen_von_einer_Reise_durch_einen_großen_Theil_Deutschlands_und_der_Schweiz,_im_Jahre_1796|37|0.33444218636878353|100|1798|Erzählungen von einer Reise durch einen großen Theil Deutschlands und der Schweiz, im Jahre 1796|Carl Friedrich Wilhelm August Vater|1798|Seite(n)17-44|39|https://www.digitale-sammlungen.de/de/view/bsb11095854?page=31|100_1798_Erzählungen_von_einer_Reise_durch_einen_großen_Theil_Deutschlands_und_der_Schweiz,_im_Jahre_1796|SLUB Dresden|https://reise.isgv.de/logs/Q109944103|male
Japanisches Palais|Japanisc schen Palais|Location|https://de.wikipedia.org/wiki/Japanisches_Palais|51.0598716|13.737341|Japanisches Palais|ok|100_1798_Erzählungen_von_einer_Reise_durch_einen_großen_Theil_Deutschlands_und_der_Schweiz,_im_Jahre_1796|43|1.053199220547425|100|1798|Erzählungen von einer Reise durch einen großen Theil Deutschlands und der Schweiz, im Jahre 1796|Carl Friedrich Wilhelm August Vater|1798|Seite(n)17-44|39|https://www.digitale-sammlungen.de/de/view/bsb11095854?page=31|100_1798_Erzählungen_von_einer_Reise_durch_einen_großen_Theil_Deutschlands_und_der_Schweiz,_im_Jahre_1796|SLUB Dresden|https://reise.isgv.de/logs/Q109944103|male
Porsberg|Pors-berg,|Location||51.0127316|13.903553|Porsberg|ok|108_1798_Fußreise_von_Dresden_nach_den_zwei_verfallenen_Bergschlössern,_die_Rathen,_und_die_dortige_Gegend|49|12.357517333869541|108|1798|Fußreise von Dresden nach den zwei verfallenen Bergschlössern, die Rathen, und die dortige Gegend|Gottfried Benjamin Meissner|Kein Eintrag vorhanden|Seite(n)47-50|42|https://www.digitale-sammlungen.de/de/view/bsb11095838?page=69|108_1798_Fußreise_von_Dresden_nach_den_zwei_verfallenen_Bergschlössern,_die_Rathen,_und_die_dortige_Gegend|BSB München|https://reise.isgv.de/logs/Q109944029|male
Elbthal|Elbthals|Location||51.0842975|13.6385178|Elbthal|ok|108_1798_Fußreise_von_Dresden_nach_den_zwei_verfallenen_Bergschlössern,_die_Rathen,_und_die_dortige_Gegend|50|7.864559360845458|108|1798|Fußreise von Dresden nach den zwei verfallenen Bergschlössern, die Rathen, und die dortige Gegend|Gottfried Benjamin Meissner|Kein Eintrag vorhanden|Seite(n)47-50|42|https://www.digitale-sammlungen.de/de/view/bsb11095838?page=69|108_1798_Fußreise_von_Dresden_nach_den_zwei_verfallenen_Bergschlössern,_die_Rathen,_und_die_dortige_Gegend|BSB München|https://reise.isgv.de/logs/Q109944029|male
Pirnaisches Tor|Pirnaischen Thoare|Location|https://de.wikipedia.org/wiki/Pirnaisches_Tor|51.047784|13.7449791|Pirnaisches Tor|ok|110_1798_Eine_kleine_Fußreise_von_Dresden_nach_Pirna._An_Herrn_J._Hermsdorf_in_Görlitz|5|0.6105430541126569|110|1798|Eine kleine Fußreise von Dresden nach Pirna. An Herrn J. Hermsdorf in Görlitz|Kein Eintrag vorhanden|Kein Eintrag vorhanden|Seite(n)5-7|218|https://www.digitale-sammlungen.de/de/view/bsb11095838?page=27|110_1798_Eine_kleine_Fußreise_von_Dresden_nach_Pirna._An_Herrn_J._Hermsdorf_in_Görlitz|SLUB Dresden|https://reise.isgv.de/logs/Q109944122|male
Großer Garten|Großen Gar-ten,|Location|https://de.wikipedia.org/wiki/Gro%C3%9Fer_Garten_(Dresden)|51.0370109|13.7673639|Großer Garten|ok|110_1798_Eine_kleine_Fußreise_von_Dresden_nach_Pirna._An_Herrn_J._Hermsdorf_in_Görlitz|5|2.5756810819047247|110|1798|Eine kleine Fußreise von Dresden nach Pirna. An Herrn J. Hermsdorf in Görlitz|Kein Eintrag vorhanden|Kein Eintrag vorhanden|Seite(n)5-7|218|https://www.digitale-sammlungen.de/de/view/bsb11095838?page=27|110_1798_Eine_kleine_Fußreise_von_Dresden_nach_Pirna._An_Herrn_J._Hermsdorf_in_Görlitz|SLUB Dresden|https://reise.isgv.de/logs/Q109944122|male
Plauenscher Grund|Plauenschen Grunde.|Location|https://de.wikipedia.org/wiki/Plauenscher_Grund|51.0230112|13.699525|Plauenscher Grund|ok|111_1799_Neue_Ansicht_von_Dresden._Für_Reisende_von_einem_Reisenden|00000197.tif.original|4.031320384215671|111|1799|Neue Ansicht von Dresden. Für Reisende von einem Reisenden|Nikolai Michailowitsch Karamsin|Kein Eintrag vorhanden|Seite(n)2-218|216|https://digital.slub-dresden.de/werkansicht/dlf/80669/10|111_1799_Neue_Ansicht_von_Dresden._Für_Reisende_von_einem_Reisenden|BSB München|https://reise.isgv.de/logs/Q109943994|male
Weiseritz|Weiseritzflusses|Location|https://de.wikipedia.org/wiki/Weiseritz|51.0191561|13.677797|Weißeritz|ok|111_1799_Neue_Ansicht_von_Dresden._Für_Reisende_von_einem_Reisenden|00000197.tif.original|5.420478851941373|111|1799|Neue Ansicht von Dresden. Für Reisende von einem Reisenden|Nikolai Michailowitsch Karamsin|Kein Eintrag vorhanden|Seite(n)2-218|216|https://digital.slub-dresden.de/werkansicht/dlf/80669/10|111_1799_Neue_Ansicht_von_Dresden._Für_Reisende_von_einem_Reisenden|BSB München|https://reise.isgv.de/logs/Q109943994|male
Pirnaisches Tor|Pirnaischen Thore|Location|https://de.wikipedia.org/wiki/Pirnaisches_Tor|51.047784|13.7449791|Pirnaisches Tor|ok|111_1799_Neue_Ansicht_von_Dresden._Für_Reisende_von_einem_Reisenden|00000200.tif.original|0.6105430541126569|111|1799|Neue Ansicht von Dresden. Für Reisende von einem Reisenden|Nikolai Michailowitsch Karamsin|Kein Eintrag vorhanden|Seite(n)2-218|216|https://digital.slub-dresden.de/werkansicht/dlf/80669/10|111_1799_Neue_Ansicht_von_Dresden._Für_Reisende_von_einem_Reisenden|BSB München|https://reise.isgv.de/logs/Q109943994|male
Liebethaler Grund|Liebethaler Grund,|Location|https://de.wikipedia.org/wiki/Liebethaler_Grund|50.9959531|13.9710449|Liebethaler Grund|ok|111_1799_Neue_Ansicht_von_Dresden._Für_Reisende_von_einem_Reisenden|00000216.tif.original|17.43365769197272|111|1799|Neue Ansicht von Dresden. Für Reisende von einem Reisenden|Nikolai Michailowitsch Karamsin|Kein Eintrag vorhanden|Seite(n)2-218|216|https://digital.slub-dresden.de/werkansicht/dlf/80669/10|111_1799_Neue_Ansicht_von_Dresden._Für_Reisende_von_einem_Reisenden|BSB München|https://reise.isgv.de/logs/Q109943994|male
Zwinger (Dresden)|Zwinger-|Location|https://de.wikipedia.org/wiki/Zwinger_(Dresden)|51.0530296|13.7349775|Zwinger (Dresden)|ok|112_1799_Briefe_eines_reisenden_Russen|213|0.33444218636878353|112|1799|Briefe eines reisenden Russen|Johann Christoph Friedrich GutsMuths|Kein Eintrag vorhanden|Seite(n)192-216|260|https://www.digitale-sammlungen.de/de/view/bsb10470042?page=222|112_1799_Briefe_eines_reisenden_Russen|SLUB Dresden|https://reise.isgv.de/logs/Q109943978|male
Brühlscher Garten|Brühlschen Garten.|Location||51.0528256|13.7449443|Brühlscher Garten|ok|113_1799_Meine_Reise_im_deutschen_Vaterlande,_aus_Thüringen_ins_Riesengebürge_zu_den_Elbquellen_und_durch_Böh|00000052.tif.original|0.598545920766925|113|1799|Meine Reise im deutschen Vaterlande, aus Thüringen ins Riesengebürge zu den Elbquellen und durch Böhmen ins Erzgebürge|Johann Christoph Friedrich GutsMuths|Kein Eintrag vorhanden|Seite(n)51-78|260|https://digital.slub-dresden.de/werkansicht/dlf/90361/63|113_1799_Meine_Reise_im_deutschen_Vaterlande,_aus_Thüringen_ins_Riesengebürge_zu_den_Elbquellen_und_durch_Böh|SLUB Dresden|https://reise.isgv.de/logs/Q109943978|male
Schloss Pillnitz|Pillnitz|Location|https://de.wikipedia.org/wiki/Schloss_Pillnitz|51.0087637|13.8688717|Schloss Pillnitz|ok|113_1799_Meine_Reise_im_deutschen_Vaterlande,_aus_Thüringen_ins_Riesengebürge_zu_den_Elbquellen_und_durch_Böh|00000059.tif.original|10.300291033070446|113|1799|Meine Reise im deutschen Vaterlande, aus Thüringen ins Riesengebürge zu den Elbquellen und durch Böhmen ins Erzgebürge|Johann Christoph Friedrich GutsMuths|Kein Eintrag vorhanden|Seite(n)51-78|260|https://digital.slub-dresden.de/werkansicht/dlf/90361/63|113_1799_Meine_Reise_im_deutschen_Vaterlande,_aus_Thüringen_ins_Riesengebürge_zu_den_Elbquellen_und_durch_Böh|SLUB Dresden|https://reise.isgv.de/logs/Q109943978|male
Japanisches Palais|Japanische Palast,|Location|https://de.wikipedia.org/wiki/Japanisches_Palais|51.0598716|13.737341|Japanisches Palais|ok|113_1799_Meine_Reise_im_deutschen_Vaterlande,_aus_Thüringen_ins_Riesengebürge_zu_den_Elbquellen_und_durch_Böh|00000068.tif.original|1.053199220547425|113|1799|Meine Reise im deutschen Vaterlande, aus Thüringen ins Riesengebürge zu den Elbquellen und durch Böhmen ins Erzgebürge|Johann Christoph Friedrich GutsMuths|Kein Eintrag vorhanden|Seite(n)51-78|260|https://digital.slub-dresden.de/werkansicht/dlf/90361/63|113_1799_Meine_Reise_im_deutschen_Vaterlande,_aus_Thüringen_ins_Riesengebürge_zu_den_Elbquellen_und_durch_Böh|SLUB Dresden|https://reise.isgv.de/logs/Q109943978|male
Rathaus Dresden|Rathaus,|Location|https://de.wikipedia.org/wiki/Rathaus_Dresden|51.0481142|13.7401486|Rathaus Dresden|ok|113_1799_Meine_Reise_im_deutschen_Vaterlande,_aus_Thüringen_ins_Riesengebürge_zu_den_Elbquellen_und_durch_Böh|00000068.tif.original|0.3228827949294987|113|1799|Meine Reise im deutschen Vaterlande, aus Thüringen ins Riesengebürge zu den Elbquellen und durch Böhmen ins Erzgebürge|Johann Christoph Friedrich GutsMuths|Kein Eintrag vorhanden|Seite(n)51-78|260|https://digital.slub-dresden.de/werkansicht/dlf/90361/63|113_1799_Meine_Reise_im_deutschen_Vaterlande,_aus_Thüringen_ins_Riesengebürge_zu_den_Elbquellen_und_durch_Böh|SLUB Dresden|https://reise.isgv.de/logs/Q109943978|male
Dresdner Heide|Dresdener Heide|Location|https://de.wikipedia.org/wiki/Dresdner_Heide|51.0880641|13.8669259|Dresdner Heide|ok|113_1799_Meine_Reise_im_deutschen_Vaterlande,_aus_Thüringen_ins_Riesengebürge_zu_den_Elbquellen_und_durch_Böh|00000068.tif.original|9.978732748984063|113|1799|Meine Reise im deutschen Vaterlande, aus Thüringen ins Riesengebürge zu den Elbquellen und durch Böhmen ins Erzgebürge|Johann Christoph Friedrich GutsMuths|Kein Eintrag vorhanden|Seite(n)51-78|260|https://digital.slub-dresden.de/werkansicht/dlf/90361/63|113_1799_Meine_Reise_im_deutschen_Vaterlande,_aus_Thüringen_ins_Riesengebürge_zu_den_Elbquellen_und_durch_Böh|SLUB Dresden|https://reise.isgv.de/logs/Q109943978|male
Brühlscher Garten|Brühlschen Garten,|Location|https://de.wikipedia.org/wiki/Br%C3%BChlscher_Garten|51.0528256|13.7449443|Brühlscher Garten|ok|113_1799_Meine_Reise_im_deutschen_Vaterlande,_aus_Thüringen_ins_Riesengebürge_zu_den_Elbquellen_und_durch_Böh|00000068.tif.original|0.598545920766925|113|1799|Meine Reise im deutschen Vaterlande, aus Thüringen ins Riesengebürge zu den Elbquellen und durch Böhmen ins Erzgebürge|Johann Christoph Friedrich GutsMuths|Kein Eintrag vorhanden|Seite(n)51-78|260|https://digital.slub-dresden.de/werkansicht/dlf/90361/63|113_1799_Meine_Reise_im_deutschen_Vaterlande,_aus_Thüringen_ins_Riesengebürge_zu_den_Elbquellen_und_durch_Böh|SLUB Dresden|https://reise.isgv.de/logs/Q109943978|male
Frauenkirche (Dresden)|Frauenkirche,|Location|https://de.wikipedia.org/wiki/Frauenkirche_(Dresden)|51.051957|13.7416198|Frauenkirche (Dresden)|ok|114_1799_Meine_Reise_im_deutschen_Vaterlande,_aus_Thüringen_ins_Riesengebürge_zu_den_Elbquellen_und_durch_Böh|00000044.tif.original|0.34806721038579985|114|1799|Meine Reise im deutschen Vaterlande, aus Thüringen ins Riesengebürge zu den Elbquellen und durch Böhmen ins Erzgebürge|Johann Christoph Friedrich GutsMuths|Kein Eintrag vorhanden|Seite(n)44-46|260|https://digital.slub-dresden.de/werkansicht/dlf/90361/56|114_1799_Meine_Reise_im_deutschen_Vaterlande,_aus_Thüringen_ins_Riesengebürge_zu_den_Elbquellen_und_durch_Böh|SLUB Dresden|https://reise.isgv.de/logs/Q109943978|male
Japanisches Palais|Japanische Palais|Location|https://de.wikipedia.org/wiki/Japanisches_Palais|51.0598716|13.737341|Japanisches Palais|ok|114_1799_Meine_Reise_im_deutschen_Vaterlande,_aus_Thüringen_ins_Riesengebürge_zu_den_Elbquellen_und_durch_Böh|00000044.tif.original|1.053199220547425|114|1799|Meine Reise im deutschen Vaterlande, aus Thüringen ins Riesengebürge zu den Elbquellen und durch Böhmen ins Erzgebürge|Johann Christoph Friedrich GutsMuths|Kein Eintrag vorhanden|Seite(n)44-46|260|https://digital.slub-dresden.de/werkansicht/dlf/90361/56|114_1799_Meine_Reise_im_deutschen_Vaterlande,_aus_Thüringen_ins_Riesengebürge_zu_den_Elbquellen_und_durch_Böh|SLUB Dresden|https://reise.isgv.de/logs/Q109943978|male
Japanisches Palais|Japanische Palais|Location|https://de.wikipedia.org/wiki/Japanisches_Palais|51.0598716|13.737341|Japanisches Palais|ok|114_1799_Meine_Reise_im_deutschen_Vaterlande,_aus_Thüringen_ins_Riesengebürge_zu_den_Elbquellen_und_durch_Böh|00000045.tif.original|1.053199220547425|114|1799|Meine Reise im deutschen Vaterlande, aus Thüringen ins Riesengebürge zu den Elbquellen und durch Böhmen ins Erzgebürge|Johann Christoph Friedrich GutsMuths|Kein Eintrag vorhanden|Seite(n)44-46|260|https://digital.slub-dresden.de/werkansicht/dlf/90361/56|114_1799_Meine_Reise_im_deutschen_Vaterlande,_aus_Thüringen_ins_Riesengebürge_zu_den_Elbquellen_und_durch_Böh|SLUB Dresden|https://reise.isgv.de/logs/Q109943978|male
Brühlscher Garten|Brühlschen Gartens,|Location|https://de.wikipedia.org/wiki/Br%C3%BChlscher_Garten|51.0528256|13.7449443|Brühlscher Garten|ok|119_1801_Schönheiten_der_Natur_und_Kunst_dargestellt_auf_einer_Reise_durch_einen_Theil_der_Sächsischen_Staate|00000633.tif.original|0.598545920766925|119|1801|Schönheiten der Natur und Kunst dargestellt auf einer Reise durch einen Theil der Sächsischen Staaten|Kein Eintrag vorhanden|Kein Eintrag vorhanden|Seite(n)624-634|642|https://digital.slub-dresden.de/werkansicht/dlf/93539/529|119_1801_Schönheiten_der_Natur_und_Kunst_dargestellt_auf_einer_Reise_durch_einen_Theil_der_Sächsischen_Staate|SLUB Dresden|https://reise.isgv.de/logs/Q109944163|male
Plauenschen Grund|Plauenschen Grun-des|Location||51.0267009|13.7009939|Plauenschen Grund|ok|120_1801_Schönheiten_der_Natur_und_Kunst_dargestellt_auf_einer_Reise_durch_einen_Theil_der_Sächsischen_Staate|00000584.tif.original|3.6590088023295784|120|1801|Schönheiten der Natur und Kunst dargestellt auf einer Reise durch einen Theil der Sächsischen Staaten|Kein Eintrag vorhanden|Kein Eintrag vorhanden|Seite(n)521-621|642|https://digital.slub-dresden.de/werkansicht/?id=5363&tx_dlf%5Bid%5D=93539&tx_dlf%5Bpage%5D=456|120_1801_Schönheiten_der_Natur_und_Kunst_dargestellt_auf_einer_Reise_durch_einen_Theil_der_Sächsischen_Staate|SLUB Dresden|https://reise.isgv.de/logs/Q109944163|male
Katholische Hofkirche (Dresden)|katholischen Hofkirche,|Location|https://de.wikipedia.org/wiki/Katholische_Hofkirche_(Dresden)|51.0534998|13.7373501|Katholische Hofkirche (Dresden)|ok|120_1801_Schönheiten_der_Natur_und_Kunst_dargestellt_auf_einer_Reise_durch_einen_Theil_der_Sächsischen_Staate|00000593.tif.original|0.3447002989029597|120|1801|Schönheiten der Natur und Kunst dargestellt auf einer Reise durch einen Theil der Sächsischen Staaten|Kein Eintrag vorhanden|Kein Eintrag vorhanden|Seite(n)521-621|642|https://digital.slub-dresden.de/werkansicht/?id=5363&tx_dlf%5Bid%5D=93539&tx_dlf%5Bpage%5D=456|120_1801_Schönheiten_der_Natur_und_Kunst_dargestellt_auf_einer_Reise_durch_einen_Theil_der_Sächsischen_Staate|SLUB Dresden|https://reise.isgv.de/logs/Q109944163|male
Neustadt (Dresden‑Neustadt)|Neustadt,|Location|https://de.wikipedia.org/wiki/Dresden-Neustadt|51.0658669|13.7405404|Neustadt (Dresden‑Neustadt)|ok|120_1801_Schönheiten_der_Natur_und_Kunst_dargestellt_auf_einer_Reise_durch_einen_Theil_der_Sächsischen_Staate|00000598.tif.original|1.7346899976850316|120|1801|Schönheiten der Natur und Kunst dargestellt auf einer Reise durch einen Theil der Sächsischen Staaten|Kein Eintrag vorhanden|Kein Eintrag vorhanden|Seite(n)521-621|642|https://digital.slub-dresden.de/werkansicht/?id=5363&tx_dlf%5Bid%5D=93539&tx_dlf%5Bpage%5D=456|120_1801_Schönheiten_der_Natur_und_Kunst_dargestellt_auf_einer_Reise_durch_einen_Theil_der_Sächsischen_Staate|SLUB Dresden|https://reise.isgv.de/logs/Q109944163|male
Ostra‑Allee|Ostra-allee|Location|https://de.wikipedia.org/wiki/Ostra-Allee|51.0566399|13.7284136|Ostra‑Allee|ok|120_1801_Schönheiten_der_Natur_und_Kunst_dargestellt_auf_einer_Reise_durch_einen_Theil_der_Sächsischen_Staate|00000602.tif.original|0.93124847668421|120|1801|Schönheiten der Natur und Kunst dargestellt auf einer Reise durch einen Theil der Sächsischen Staaten|Kein Eintrag vorhanden|Kein Eintrag vorhanden|Seite(n)521-621|642|https://digital.slub-dresden.de/werkansicht/?id=5363&tx_dlf%5Bid%5D=93539&tx_dlf%5Bpage%5D=456|120_1801_Schönheiten_der_Natur_und_Kunst_dargestellt_auf_einer_Reise_durch_einen_Theil_der_Sächsischen_Staate|SLUB Dresden|https://reise.isgv.de/logs/Q109944163|male
Hofkirche (Dresden)|Hofkirche|Location|https://de.wikipedia.org/wiki/Katholische_Hofkirche_(Dresden)|51.0534998|13.7373501|Hofkirche (Dresden)|ok|201_1826_Wanderbilder._Gesammelt_auf_einer_Reise_von_Wien_über_Dresden,_Leipzig,_Cassel_nach_Hamburg|49|0.3447002989029597|201|1826|Wanderbilder. Gesammelt auf einer Reise von Wien über Dresden, Leipzig, Cassel nach Hamburg|Christian Gottfried Daniel Stein|Kein Eintrag vorhanden|Seite(n)43-51|368|https://www.digitale-sammlungen.de/de/view/bsb10727721?page=51|201_1826_Wanderbilder._Gesammelt_auf_einer_Reise_von_Wien_über_Dresden,_Leipzig,_Cassel_nach_Hamburg|BSB München|https://reise.isgv.de/logs/Q109944093|male
Schloss Moritzburg|Schlosse Moritzburg,|Location|https://de.wikipedia.org/wiki/Schloss_Moritzburg|51.1675274|13.6795084|Schloss Moritzburg|ok|202_1827_Reisen_nach_den_vorzüglichsten_Hauptstädten_von_Mittel-Europa._Eine_Schilderung_der_Länder_und_Städt|102|13.63459838511828|202|1827|Reisen nach den vorzüglichsten Hauptstädten von Mittel-Europa. Eine Schilderung der Länder und Städte, ihrer Bewohner, Naturschönheiten, Sehenswürdigkeiten, u.s.w.|Christian Gottfried Daniel Stein|Kein Eintrag vorhanden|Seite(n)102-104|368|https://www.digitale-sammlungen.de/de/view/bsb10622201?page=114|202_1827_Reisen_nach_den_vorzüglichsten_Hauptstädten_von_Mittel-Europa._Eine_Schilderung_der_Länder_und_Städt|BSB München|https://reise.isgv.de/logs/Q109944093|male
Loschwitz|Losch-|Location|https://de.wikipedia.org/wiki/Loschwitz|51.0555235|13.8154546|Loschwitz|ok|202_1827_Reisen_nach_den_vorzüglichsten_Hauptstädten_von_Mittel-Europa._Eine_Schilderung_der_Länder_und_Städt|102|5.492431569916458|202|1827|Reisen nach den vorzüglichsten Hauptstädten von Mittel-Europa. Eine Schilderung der Länder und Städte, ihrer Bewohner, Naturschönheiten, Sehenswürdigkeiten, u.s.w.|Christian Gottfried Daniel Stein|Kein Eintrag vorhanden|Seite(n)102-104|368|https://www.digitale-sammlungen.de/de/view/bsb10622201?page=114|202_1827_Reisen_nach_den_vorzüglichsten_Hauptstädten_von_Mittel-Europa._Eine_Schilderung_der_Länder_und_Städt|BSB München|https://reise.isgv.de/logs/Q109944093|male
Borsberg|Bors-berg|Location||51.0127446|13.8958848|Borsberg|ok|202_1827_Reisen_nach_den_vorzüglichsten_Hauptstädten_von_Mittel-Europa._Eine_Schilderung_der_Länder_und_Städt|103|11.853906116791585|202|1827|Reisen nach den vorzüglichsten Hauptstädten von Mittel-Europa. Eine Schilderung der Länder und Städte, ihrer Bewohner, Naturschönheiten, Sehenswürdigkeiten, u.s.w.|Christian Gottfried Daniel Stein|Kein Eintrag vorhanden|Seite(n)102-104|368|https://www.digitale-sammlungen.de/de/view/bsb10622201?page=114|202_1827_Reisen_nach_den_vorzüglichsten_Hauptstädten_von_Mittel-Europa._Eine_Schilderung_der_Länder_und_Städt|BSB München|https://reise.isgv.de/logs/Q109944093|male
Zschoney- oder Ockerwitzgrund|Zschoney- oder Ockerwitzgrund,|Location||51.0585542|13.6412782|Zschonergrund (Ockerwitz)|ok|203_1827_Reisen_nach_den_vorzüglichsten_Hauptstädten_von_Mittel-Europa._Eine_Schilderung_der_Länder_und_Städt|101|6.7724266556590145|203|1827|Reisen nach den vorzüglichsten Hauptstädten von Mittel-Europa. Eine Schilderung der Länder und Städte, ihrer Bewohner, Naturschönheiten, Sehenswürdigkeiten, u.s.w.|Wilhelm von Horn|Kein Eintrag vorhanden|Seite(n)62-102|432|https://www.digitale-sammlungen.de/de/view/bsb10622201?page=74|203_1827_Reisen_nach_den_vorzüglichsten_Hauptstädten_von_Mittel-Europa._Eine_Schilderung_der_Länder_und_Städt|BSB München|https://reise.isgv.de/logs/Q109943991|male
Altstadt (Dresden)|Altstadt|Location|https://de.wikipedia.org/wiki/Altstadt_(Dresden)|51.0523842|13.7381876|Altstadt (Dresden)|ok|203_1827_Reisen_nach_den_vorzüglichsten_Hauptstädten_von_Mittel-Europa._Eine_Schilderung_der_Länder_und_Städt|63|0.22919071582787018|203|1827|Reisen nach den vorzüglichsten Hauptstädten von Mittel-Europa. Eine Schilderung der Länder und Städte, ihrer Bewohner, Naturschönheiten, Sehenswürdigkeiten, u.s.w.|Wilhelm von Horn|Kein Eintrag vorhanden|Seite(n)62-102|432|https://www.digitale-sammlungen.de/de/view/bsb10622201?page=74|203_1827_Reisen_nach_den_vorzüglichsten_Hauptstädten_von_Mittel-Europa._Eine_Schilderung_der_Länder_und_Städt|BSB München|https://reise.isgv.de/logs/Q109943991|male
Friedrichsstadt (Dresden)|Friedrichsstadt;|Location|https://de.wikipedia.org/wiki/Friedrichstadt_(Dresden)|51.0588443|13.714757|Friedrichstadt (Dresden)|ok|203_1827_Reisen_nach_den_vorzüglichsten_Hauptstädten_von_Mittel-Europa._Eine_Schilderung_der_Länder_und_Städt|63|1.834202671588646|203|1827|Reisen nach den vorzüglichsten Hauptstädten von Mittel-Europa. Eine Schilderung der Länder und Städte, ihrer Bewohner, Naturschönheiten, Sehenswürdigkeiten, u.s.w.|Wilhelm von Horn|Kein Eintrag vorhanden|Seite(n)62-102|432|https://www.digitale-sammlungen.de/de/view/bsb10622201?page=74|203_1827_Reisen_nach_den_vorzüglichsten_Hauptstädten_von_Mittel-Europa._Eine_Schilderung_der_Länder_und_Städt|BSB München|https://reise.isgv.de/logs/Q109943991|male
Zwinger (Gebäude)|Zwingergebäudes|Location|https://de.wikipedia.org/wiki/Zwinger_(Dresden)|51.0530296|13.7349775|Zwinger (Dresden)|ok|203_1827_Reisen_nach_den_vorzüglichsten_Hauptstädten_von_Mittel-Europa._Eine_Schilderung_der_Länder_und_Städt|72|0.33444218636878353|203|1827|Reisen nach den vorzüglichsten Hauptstädten von Mittel-Europa. Eine Schilderung der Länder und Städte, ihrer Bewohner, Naturschönheiten, Sehenswürdigkeiten, u.s.w.|Wilhelm von Horn|Kein Eintrag vorhanden|Seite(n)62-102|432|https://www.digitale-sammlungen.de/de/view/bsb10622201?page=74|203_1827_Reisen_nach_den_vorzüglichsten_Hauptstädten_von_Mittel-Europa._Eine_Schilderung_der_Länder_und_Städt|BSB München|https://reise.isgv.de/logs/Q109943991|male
Katholische Hofkirche|katholische Hofkirche,|Location|https://de.wikipedia.org/wiki/Katholische_Hofkirche_(Dresden)|51.0534998|13.7373501|Katholische Hofkirche|ok|203_1827_Reisen_nach_den_vorzüglichsten_Hauptstädten_von_Mittel-Europa._Eine_Schilderung_der_Länder_und_Städt|77|0.3447002989029597|203|1827|Reisen nach den vorzüglichsten Hauptstädten von Mittel-Europa. Eine Schilderung der Länder und Städte, ihrer Bewohner, Naturschönheiten, Sehenswürdigkeiten, u.s.w.|Wilhelm von Horn|Kein Eintrag vorhanden|Seite(n)62-102|432|https://www.digitale-sammlungen.de/de/view/bsb10622201?page=74|203_1827_Reisen_nach_den_vorzüglichsten_Hauptstädten_von_Mittel-Europa._Eine_Schilderung_der_Länder_und_Städt|BSB München|https://reise.isgv.de/logs/Q109943991|male
Brühlscher Garten|Brühlschen Gartens|Location|https://de.wikipedia.org/wiki/Brühlscher_Garten|51.0528256|13.7449443|Brühlscher Garten|ok|203_1827_Reisen_nach_den_vorzüglichsten_Hauptstädten_von_Mittel-Europa._Eine_Schilderung_der_Länder_und_Städt|78|0.598545920766925|203|1827|Reisen nach den vorzüglichsten Hauptstädten von Mittel-Europa. Eine Schilderung der Länder und Städte, ihrer Bewohner, Naturschönheiten, Sehenswürdigkeiten, u.s.w.|Wilhelm von Horn|Kein Eintrag vorhanden|Seite(n)62-102|432|https://www.digitale-sammlungen.de/de/view/bsb10622201?page=74|203_1827_Reisen_nach_den_vorzüglichsten_Hauptstädten_von_Mittel-Europa._Eine_Schilderung_der_Länder_und_Städt|BSB München|https://reise.isgv.de/logs/Q109943991|male
Neudorf (Dresden)|Neudorf.|Location|https://de.wikipedia.org/wiki/Neudorf_(Dresden)|51.0735263|13.7281324|Neudorf (Dresden)|ok|203_1827_Reisen_nach_den_vorzüglichsten_Hauptstädten_von_Mittel-Europa._Eine_Schilderung_der_Länder_und_Städt|85|2.650136754833862|203|1827|Reisen nach den vorzüglichsten Hauptstädten von Mittel-Europa. Eine Schilderung der Länder und Städte, ihrer Bewohner, Naturschönheiten, Sehenswürdigkeiten, u.s.w.|Wilhelm von Horn|Kein Eintrag vorhanden|Seite(n)62-102|432|https://www.digitale-sammlungen.de/de/view/bsb10622201?page=74|203_1827_Reisen_nach_den_vorzüglichsten_Hauptstädten_von_Mittel-Europa._Eine_Schilderung_der_Länder_und_Städt|BSB München|https://reise.isgv.de/logs/Q109943991|male
Friedrichstadt (Dresden)|Friedrichstadt|Location|https://de.wikipedia.org/wiki/Friedrichstadt_(Dresden)|51.0588443|13.714757|Friedrichstadt (Dresden)|ok|203_1827_Reisen_nach_den_vorzüglichsten_Hauptstädten_von_Mittel-Europa._Eine_Schilderung_der_Länder_und_Städt|85|1.834202671588646|203|1827|Reisen nach den vorzüglichsten Hauptstädten von Mittel-Europa. Eine Schilderung der Länder und Städte, ihrer Bewohner, Naturschönheiten, Sehenswürdigkeiten, u.s.w.|Wilhelm von Horn|Kein Eintrag vorhanden|Seite(n)62-102|432|https://www.digitale-sammlungen.de/de/view/bsb10622201?page=74|203_1827_Reisen_nach_den_vorzüglichsten_Hauptstädten_von_Mittel-Europa._Eine_Schilderung_der_Länder_und_Städt|BSB München|https://reise.isgv.de/logs/Q109943991|male
Neumarkt (Dresden)|Neumarkte,|Location|https://de.wikipedia.org/wiki/Neumarkt_(Dresden)|51.0513099|13.7407113|Neumarkt (Dresden)|ok|203_1827_Reisen_nach_den_vorzüglichsten_Hauptstädten_von_Mittel-Europa._Eine_Schilderung_der_Länder_und_Städt|85|0.2590289297820039|203|1827|Reisen nach den vorzüglichsten Hauptstädten von Mittel-Europa. Eine Schilderung der Länder und Städte, ihrer Bewohner, Naturschönheiten, Sehenswürdigkeiten, u.s.w.|Wilhelm von Horn|Kein Eintrag vorhanden|Seite(n)62-102|432|https://www.digitale-sammlungen.de/de/view/bsb10622201?page=74|203_1827_Reisen_nach_den_vorzüglichsten_Hauptstädten_von_Mittel-Europa._Eine_Schilderung_der_Länder_und_Städt|BSB München|https://reise.isgv.de/logs/Q109943991|male
Italienisches Dörfchen|italienischen Dörfchen,|Location||51.054536|13.7370727|Italienisches Dörfchen|ok|203_1827_Reisen_nach_den_vorzüglichsten_Hauptstädten_von_Mittel-Europa._Eine_Schilderung_der_Länder_und_Städt|86|0.4601772017721704|203|1827|Reisen nach den vorzüglichsten Hauptstädten von Mittel-Europa. Eine Schilderung der Länder und Städte, ihrer Bewohner, Naturschönheiten, Sehenswürdigkeiten, u.s.w.|Wilhelm von Horn|Kein Eintrag vorhanden|Seite(n)62-102|432|https://www.digitale-sammlungen.de/de/view/bsb10622201?page=74|203_1827_Reisen_nach_den_vorzüglichsten_Hauptstädten_von_Mittel-Europa._Eine_Schilderung_der_Länder_und_Städt|BSB München|https://reise.isgv.de/logs/Q109943991|male
Brühlscher Garten|Brühlschen Gartens|Location|https://de.wikipedia.org/wiki/Brühlscher_Garten|51.0528256|13.7449443|Brühlscher Garten|ok|203_1827_Reisen_nach_den_vorzüglichsten_Hauptstädten_von_Mittel-Europa._Eine_Schilderung_der_Länder_und_Städt|87|0.598545920766925|203|1827|Reisen nach den vorzüglichsten Hauptstädten von Mittel-Europa. Eine Schilderung der Länder und Städte, ihrer Bewohner, Naturschönheiten, Sehenswürdigkeiten, u.s.w.|Wilhelm von Horn|Kein Eintrag vorhanden|Seite(n)62-102|432|https://www.digitale-sammlungen.de/de/view/bsb10622201?page=74|203_1827_Reisen_nach_den_vorzüglichsten_Hauptstädten_von_Mittel-Europa._Eine_Schilderung_der_Länder_und_Städt|BSB München|https://reise.isgv.de/logs/Q109943991|male
Friedrichstadt (Dresden)|Friedrichsstadt’s|Location|https://de.wikipedia.org/wiki/Friedrichstadt_(Dresden)|51.0588443|13.714757|Friedrichstadt (Dresden)|ok|203_1827_Reisen_nach_den_vorzüglichsten_Hauptstädten_von_Mittel-Europa._Eine_Schilderung_der_Länder_und_Städt|93|1.834202671588646|203|1827|Reisen nach den vorzüglichsten Hauptstädten von Mittel-Europa. Eine Schilderung der Länder und Städte, ihrer Bewohner, Naturschönheiten, Sehenswürdigkeiten, u.s.w.|Wilhelm von Horn|Kein Eintrag vorhanden|Seite(n)62-102|432|https://www.digitale-sammlungen.de/de/view/bsb10622201?page=74|203_1827_Reisen_nach_den_vorzüglichsten_Hauptstädten_von_Mittel-Europa._Eine_Schilderung_der_Länder_und_Städt|BSB München|https://reise.isgv.de/logs/Q109943991|male
Müglitztal|Müglitzthale.|Location|https://de.wikipedia.org/wiki/M%C3%BCglitztal|50.9337997|13.8591116|Müglitztal|ok|203_1827_Reisen_nach_den_vorzüglichsten_Hauptstädten_von_Mittel-Europa._Eine_Schilderung_der_Länder_und_Städt|97|15.517251676666188|203|1827|Reisen nach den vorzüglichsten Hauptstädten von Mittel-Europa. Eine Schilderung der Länder und Städte, ihrer Bewohner, Naturschönheiten, Sehenswürdigkeiten, u.s.w.|Wilhelm von Horn|Kein Eintrag vorhanden|Seite(n)62-102|432|https://www.digitale-sammlungen.de/de/view/bsb10622201?page=74|203_1827_Reisen_nach_den_vorzüglichsten_Hauptstädten_von_Mittel-Europa._Eine_Schilderung_der_Länder_und_Städt|BSB München|https://reise.isgv.de/logs/Q109943991|male
Burg Tharant| Burg Tha rant,|Location||50.982634|13.5813082|Burg Tharandt (Tharandt)|ok|203_1827_Reisen_nach_den_vorzüglichsten_Hauptstädten_von_Mittel-Europa._Eine_Schilderung_der_Länder_und_Städt|99|13.26090596857067|203|1827|Reisen nach den vorzüglichsten Hauptstädten von Mittel-Europa. Eine Schilderung der Länder und Städte, ihrer Bewohner, Naturschönheiten, Sehenswürdigkeiten, u.s.w.|Wilhelm von Horn|Kein Eintrag vorhanden|Seite(n)62-102|432|https://www.digitale-sammlungen.de/de/view/bsb10622201?page=74|203_1827_Reisen_nach_den_vorzüglichsten_Hauptstädten_von_Mittel-Europa._Eine_Schilderung_der_Länder_und_Städt|BSB München|https://reise.isgv.de/logs/Q109943991|male
